"Player","Team","Position","G","MP","PER","TSpct","3PAr","FTr","OREBpct","REBpct","ASTpct","STLpct","BLKpct","TOVpct","USGpct","OWS","DWS","WS","WS_40","Season"
"Asia Taylor","CON","G",4,17,33.4,0.743,0,1.4,13.2,14.1,29.7,0,0,11,23.1,0.2,0,0.2,0.437,2016
"Nneka Ogwumike","LAS","F",33,1043,31.3,0.737,0.071,0.458,9.9,18.1,17.9,2.1,3,13.7,23,7,2.7,9.6,0.37,2016
"Maya Moore","MIN","F",34,1009,25.3,0.574,0.323,0.335,5.4,10.6,24.6,2.7,2,12.1,28.6,4.2,2.4,6.6,0.262,2016
"Sylvia Fowles","MIN","C",34,969,23.6,0.634,0,0.497,11,18.3,7.2,2.4,5.1,14.5,20,3.3,3,6.3,0.259,2016
"Elena Delle Donne","CHI","F-G",28,927,26.1,0.598,0.229,0.315,6.1,12.5,9.7,0.9,3.8,6.5,25.4,4.8,0.6,5.4,0.234,2016
"Jonquel Jones","CON","F",34,479,24,0.609,0.206,0.431,14.3,15.8,7.8,2.3,6.4,11.6,19.4,1.9,0.9,2.8,0.232,2016
"Anna Cruz","MIN","G",6,60,15.5,0.623,0.091,0.545,2.1,6.1,28.2,1.7,0,12.8,11.6,0.2,0.1,0.3,0.23,2016
"Chiney Ogwumike","CON","F-C",33,801,22.8,0.63,0,0.517,12.3,16.6,4.8,2.1,3.3,12.7,20.4,3.1,1.2,4.4,0.218,2016
"Penny Taylor","PHO","F",25,643,22.2,0.645,0.483,0.359,1.9,8.9,24.5,3,1.3,14.8,20.2,2.5,0.9,3.4,0.212,2016
"Natasha Howard","MIN","F",34,495,18.8,0.605,0.031,0.383,10.5,14.9,9.3,2.4,4.4,16.4,20.3,1.2,1.4,2.5,0.206,2016
"LaToya Sanders","WAS","F-C",4,69,20.8,0.611,0,0.722,7,10.5,2.6,2.3,11.4,11.2,17.8,0.2,0.1,0.4,0.205,2016
"Rebekkah Brunson","MIN","F",33,812,16.1,0.545,0.005,0.363,11.4,18,10.5,1.9,0.9,11.1,13.8,2.1,2,4.1,0.201,2016
"Emma Meesseman","WAS","F",34,996,22.9,0.6,0.17,0.216,8.2,11.5,16.2,2.2,2,9.3,22,3.8,1.2,4.9,0.199,2016
"Breanna Stewart","SEA","F",34,1179,22.9,0.576,0.292,0.422,4.4,16.7,17.8,1.9,4.1,13.1,24.6,3.2,2.5,5.7,0.193,2016
"Shoni Schimmel","NYL","G",17,77,19.5,0.788,0.8,0.25,0,5.9,22,2,1,24,16.6,0.3,0.1,0.4,0.192,2016
"Tamika Catchings","IND","F",34,844,21.7,0.554,0.297,0.365,6,12.5,14.2,3.8,1,9.7,23.3,2.5,1.5,4,0.191,2016
"Adut Bulgak","NYL","C",7,23,20.7,0.549,0.182,0.364,14.9,22.1,0,0,0,7.3,26.2,0.1,0,0.1,0.187,2016
"Kiah Stokes","NYL","C",27,650,16.7,0.654,0,0.504,11.1,17.5,5,1.4,4.7,17.3,11.7,1.4,1.5,2.9,0.178,2016
"Tina Charles","NYL","C",32,1077,23.8,0.499,0.079,0.248,7.9,16.6,23.4,1.3,1.9,8.4,30.7,2.7,2.1,4.7,0.176,2016
"Erlana Larkins","IND","F",33,880,17.9,0.695,0,0.416,10.9,17.9,12.8,1.8,1.4,21.6,12.9,2.6,1.2,3.9,0.175,2016
"Lindsay Whalen","MIN","G",32,786,16.6,0.578,0.046,0.308,2.4,6.4,24.6,1.2,0,14.4,18,2.2,1.2,3.4,0.174,2016
"Brittney Griner","PHO","C",34,992,20.9,0.621,0,0.511,5.9,13.6,6.5,0.7,8.2,15,21.5,2.7,1.6,4.3,0.173,2016
"Kristi Toliver","LAS","G",33,1060,16,0.593,0.574,0.243,1.5,5.1,18,1.4,0.2,10.9,18.3,3,1.3,4.3,0.163,2016
"Candace Parker","LAS","F-C",34,1046,20.6,0.53,0.256,0.326,4.2,15.1,26.8,2.4,2.6,16.6,26.5,1.3,2.7,4,0.154,2016
"Tiffany Hayes","ATL","G",33,1016,17.2,0.571,0.337,0.559,3.7,6.3,13.8,2,0.6,12,21,3,0.9,3.9,0.152,2016
"DeWanna Bonner","PHO","F-G",34,1064,18.8,0.563,0.419,0.463,4.9,10.4,13.5,2.1,1.5,11.4,21.1,2.7,1.2,4,0.149,2016
"Crystal Langhorne","SEA","F-C",33,843,16.6,0.667,0.005,0.395,6.7,13.4,9.8,1.4,0.9,18.1,15.9,2,1,3.1,0.147,2016
"Lynetta Kizer","IND","F",33,569,19.8,0.585,0.004,0.2,7.8,12,7.3,2.3,1.5,11.4,24.5,1.3,0.7,2.1,0.145,2016
"Imani McGee-Stafford","CHI","C",31,587,17.3,0.578,0,0.318,10.9,17.6,4.5,1.6,5.9,13.5,15.4,1.3,0.8,2.1,0.142,2016
"Maggie Lucas","IND","G",4,55,17.7,0.644,0.476,0.333,2.3,9.4,10.4,1.9,0,17.2,24,0.1,0.1,0.2,0.142,2016
"Ann Wauters","LAS","C",21,97,14.2,0.588,0,0.364,5.5,15,14.3,2.2,1.7,21.5,15.7,0.1,0.2,0.3,0.142,2016
"Erika de Souza","CHI","F-C",31,516,17.7,0.549,0,0.242,14,18.4,5.8,1.7,3.5,11.8,15.9,1.2,0.6,1.8,0.141,2016
"Angel McCoughtry","ATL","F-G",33,989,21.7,0.527,0.167,0.422,4.3,10.8,19.3,2.7,1.7,13.6,30.9,1.8,1.6,3.4,0.137,2016
"Rebecca Allen","NYL","G",21,280,14.7,0.574,0.306,0.153,4.9,7.1,6.9,1.6,3.2,11.1,18.4,0.5,0.4,0.9,0.134,2016
"Candice Dupree","PHO","F",32,930,16.5,0.577,0.004,0.256,5.2,11.2,11.7,1.4,0.4,9.8,17,2.3,0.8,3.1,0.134,2016
"Sugar Rodgers","NYL","G",33,1008,15.3,0.56,0.54,0.247,1.6,6.8,13.6,1.8,1.2,12.1,21.1,1.9,1.4,3.4,0.134,2016
"Janel McCarville","MIN","F-C",33,417,13.1,0.483,0.105,0.19,6.7,12.3,18.7,2.6,2.2,16.8,14.6,0.3,1,1.4,0.133,2016
"Epiphanny Prince","NYL","G",6,83,11.8,0.552,0.44,0.28,1.4,6.1,7.9,1.2,0,6.6,15.9,0.2,0.1,0.3,0.133,2016
"Natalie Achonwa","IND","F",24,195,17,0.575,0,0.303,10.4,15.6,5.7,2.7,0.4,13.8,20.2,0.4,0.3,0.6,0.13,2016
"Courtney Vandersloot","CHI","G",30,728,18,0.544,0.323,0.319,2.1,6.5,28,2.9,0.5,15.3,18.5,1.9,0.5,2.4,0.13,2016
"Jantel Lavender","LAS","F",34,659,18.2,0.552,0.004,0.147,7.5,11.9,12.2,0.8,2.1,11.9,24,1,1.1,2.1,0.126,2016
"Kayla Alexander","SAS","C",25,489,17,0.596,0,0.433,11.2,13.8,5.3,1.2,2.1,14.3,18.5,1.1,0.5,1.5,0.124,2016
"Courtney Paris","DAL","C",34,827,16.4,0.555,0.005,0.207,12.3,19,8.5,0.9,2.6,10.2,13.8,2,0.6,2.6,0.124,2016
"Stefanie Dolson","WAS","C",34,765,16.2,0.559,0.121,0.336,7.6,12.5,9.3,0.9,3.3,12.1,19.4,1.6,0.8,2.3,0.122,2016
"Diana Taurasi","PHO","G",33,984,18.4,0.563,0.558,0.338,0.8,6.1,24,1.6,0.3,14.1,28.2,2.3,0.7,3,0.122,2016
"Carolyn Swords","NYL","C",34,596,13.2,0.593,0,0.263,10.6,14.9,6.4,0.6,2.8,18.2,13.3,0.9,0.9,1.8,0.121,2016
"Keisha Hampton","MIN","F",27,183,10.3,0.521,0.632,0.404,3.5,3.3,7.9,2.2,1.3,13,18.7,0.2,0.3,0.5,0.119,2016
"Tayler Hill","WAS","G",32,937,17.1,0.512,0.429,0.469,1.7,5.4,18.4,2,0.3,7.7,25.6,2.2,0.6,2.8,0.118,2016
"Jewell Loyd","SEA","G",34,1075,18.2,0.543,0.292,0.325,4,6.7,19.9,2,0.7,12.8,25.7,2.2,1,3.2,0.118,2016
"Karima Christmas-Kelly","DAL","F-G",34,1075,16.5,0.541,0.375,0.506,8.3,10.8,11.6,1.9,1.6,11.5,17.7,2.7,0.4,3.1,0.116,2016
"Briann January","IND","G",29,816,14.4,0.547,0.341,0.406,2.8,4.1,26.9,2.3,0.3,16.6,17.1,1.8,0.6,2.4,0.116,2016
"Shekinna Stricklen","CON","F",28,306,13.2,0.508,0.74,0.135,3.3,7.5,7.6,2,0.5,3.5,16.1,0.6,0.3,0.9,0.115,2016
"Elizabeth Williams","ATL","C-F",34,1179,15.6,0.491,0.003,0.375,10.3,13.4,6.2,1.1,5,9.2,16.8,1.7,1.7,3.4,0.115,2016
"Alysha Clark","SEA","F",33,911,12.6,0.609,0.429,0.272,5.7,8.2,11.6,1.4,0.2,15.3,14.7,1.9,0.7,2.6,0.112,2016
"Glory Johnson","DAL","F",18,502,17.9,0.52,0.086,0.448,10.4,18.6,8.4,1.7,1.7,11.8,19,0.9,0.5,1.4,0.111,2016
"Devereaux Peters","IND","F",30,440,14.6,0.557,0.023,0.135,5.7,13.3,8.9,1.4,3.5,11.3,16.4,0.6,0.6,1.2,0.111,2016
"Jeanette Pohlen-Mavunga","IND","G",12,49,11,0.699,0.545,0.091,0,1.3,16.9,0,0,14.9,12.4,0.1,0,0.1,0.11,2016
"Sue Bird","SEA","G",34,1076,16.4,0.573,0.455,0.157,0.7,5.6,31.9,1.6,0.4,18.1,20.2,2,0.9,2.9,0.108,2016
"Amanda Zahui B.","NYL","C",33,374,14.8,0.536,0.126,0.48,12.9,15.7,5.5,1.5,4.7,19.4,22.4,0.2,0.8,1,0.107,2016
"Shavonte Zellous","NYL","G",33,770,13,0.519,0.115,0.535,2.7,5.9,15.4,1.9,0.6,13.6,18.4,1.1,1,2.1,0.107,2016
"Shenise Johnson","IND","G",29,651,16.4,0.532,0.326,0.268,5.2,10.1,16,2.8,1.3,15.2,22,0.8,0.9,1.7,0.105,2016
"Alana Beard","LAS","G-F",34,997,11,0.519,0.178,0.182,4.2,7,10.9,3,1.6,15.7,12.9,0.6,2,2.6,0.104,2016
"Sancho Lyttle","ATL","F",19,571,14.5,0.453,0.06,0.168,8.4,15,10.2,3.5,2.5,12.6,13.9,0.3,1.2,1.5,0.103,2016
"Essence Carson","LAS","G",34,791,12.7,0.549,0.282,0.242,2,5.4,10.2,2.4,0.8,14.3,17.4,0.7,1.3,2,0.101,2016
"Krystal Thomas","SEA","C",19,177,8.5,0.611,0,0.368,14,15.1,1.7,1.2,5.5,29,8.2,0.2,0.3,0.4,0.1,2016
"Chelsea Gray","LAS","G",33,540,13.2,0.545,0.293,0.318,2,6.8,20.4,1.6,0.6,18.3,19,0.5,0.8,1.3,0.099,2016
"Layshia Clarendon","ATL","G",34,959,14.2,0.559,0.195,0.432,5.1,8.8,21.2,1.3,0.2,19.2,17.7,1.5,0.8,2.3,0.095,2016
"Ramu Tokashiki","SEA","F",31,404,11.7,0.546,0.008,0.433,9.1,11.7,3.9,1.9,0.7,14.2,20.4,0.5,0.5,0.9,0.093,2016
"Tianna Hawkins","WAS","F",24,252,13.7,0.6,0.259,0.247,11.6,14.1,7.6,1,1.2,19.6,21.4,0.4,0.2,0.6,0.091,2016
"Jia Perkins","MIN","G",34,705,10.4,0.441,0.251,0.211,3.8,7.8,9.4,2.3,0.8,8.5,17.1,0.2,1.4,1.6,0.091,2016
"Aerial Powers","DAL","F-G",32,614,16.7,0.542,0.343,0.476,4.8,8.2,10.9,2.7,0.9,14.2,25.2,1.1,0.3,1.4,0.09,2016
"Astou Ndour","SAS","C-F",30,446,15.4,0.502,0.372,0.213,6.5,12.7,5.3,1.5,4.6,8.2,20.2,0.4,0.6,1,0.089,2016
"Renee Montgomery","MIN","G",34,656,12.2,0.514,0.384,0.292,1.2,2.9,21.7,2.6,0.2,19.3,20.7,0.3,1.1,1.4,0.087,2016
"Jessica Breland","CHI","F",34,585,15,0.531,0,0.222,8.9,15.2,6.1,1.5,5.2,15.7,17.1,0.6,0.7,1.3,0.086,2016
"Alyssa Thomas","CON","F",31,840,15.7,0.528,0,0.491,8.3,13.4,13.5,2.6,0.6,18.8,20.5,0.6,1.1,1.8,0.085,2016
"Rachel Banham","CON","G",15,164,10.9,0.547,0.755,0.061,0.7,4,13.2,2.5,0.5,13.7,15.4,0.2,0.1,0.3,0.084,2016
"Sonja Petrovic","PHO","F",31,459,11.2,0.558,0.264,0.388,6.8,9.1,7.1,2,1.2,17.5,17.1,0.5,0.4,0.9,0.082,2016
"Allie Quigley","CHI","G",34,604,16.7,0.554,0.299,0.139,0.8,2.8,15.2,1.4,0.7,11.3,23.8,1.3,0,1.2,0.082,2016
"Seimone Augustus","MIN","G-F",29,765,12.6,0.509,0.13,0.153,2.3,6.7,15.1,1,1.2,14.7,21.8,0.3,1.2,1.5,0.08,2016
"Abby Bishop","SEA","F",13,67,4.8,0.47,0.545,0.364,0,5.6,18.1,0.8,1.1,7.3,9.6,0.1,0,0.1,0.078,2016
"Bria Holmes","ATL","G",33,702,12.9,0.523,0.297,0.297,3.9,6.9,10.1,2.2,0.5,14.2,17,0.6,0.7,1.3,0.075,2016
"Mistie Bass","PHO","F",33,434,10,0.522,0,0.338,8,9,9,1.9,1.9,17.9,11.8,0.4,0.4,0.8,0.073,2016
"Morgan Tuck","CON","F",26,433,13.9,0.503,0.346,0.278,6,10.3,10.9,1.2,0.4,12.1,20.6,0.5,0.3,0.8,0.073,2016
"Reshanda Gray","ATL","F",28,269,9.7,0.54,0.014,0.493,10.2,15.1,2.6,0.8,1.1,16.8,17.2,0.2,0.3,0.5,0.072,2016
"Cappie Pondexter","CHI","G",33,905,15.3,0.505,0.124,0.245,1.7,6.1,15.5,1.7,0.3,10.2,22.7,1.4,0.2,1.6,0.072,2016
"Moriah Jefferson","SAS","G",34,1034,16.4,0.499,0.203,0.205,1.7,4.2,28.7,2.8,0.3,11.1,23.8,1,0.8,1.8,0.071,2016
"Isabelle Harrison","PHO","F",26,194,12.9,0.563,0,0.41,10.9,14.7,0.9,2.9,0.8,20,21.2,0,0.3,0.3,0.07,2016
"Jasmine Thomas","CON","G",34,1091,13.7,0.494,0.274,0.215,2.6,7.7,24.9,2,0.9,17.6,19.3,0.8,1,1.9,0.07,2016
"Kia Vaughn","WAS","C",34,672,13.3,0.524,0,0.145,7.4,13.2,5.8,1.6,2.1,13.5,16.3,0.4,0.8,1.2,0.07,2016
"Blake Dietrick","TOT","G",3,14,8.5,0.694,0.5,1,0,12.8,0,0,0,25.8,12.9,0,0,0,0.068,2016
"Tierra Ruffin-Pratt","WAS","G",32,781,12.1,0.486,0.253,0.48,5.6,11.1,18.1,2.2,0.8,17,17,0.4,0.9,1.3,0.067,2016
"Cheyenne Parker","CHI","F",25,315,12.5,0.52,0.012,0.386,13.1,15.2,2.8,1.9,1.3,16.4,16.1,0.3,0.2,0.5,0.063,2016
"Erin Phillips","DAL","G",32,466,11.2,0.595,0.536,0.286,3.5,4.6,14,0.5,0.5,16.5,14,0.9,-0.2,0.7,0.059,2016
"Ana Dabovic","LAS","G",22,236,8,0.487,0.352,0.537,3.4,4.5,17.8,2.9,0,22.2,17.1,0,0.4,0.3,0.057,2016
"Tamera Young","CHI","F",32,824,11.6,0.494,0.008,0.249,6.3,10.4,8.1,1.5,0.4,11.2,16.5,0.8,0.3,1.1,0.055,2016
"Leilani Mitchell","WAS","G",10,161,10.8,0.585,0.674,0.217,2.3,6.4,21,0.3,0,20.5,18.1,0.2,0,0.2,0.054,2016
"Jamierra Faulkner","CHI","G",34,655,15.8,0.506,0.275,0.217,1.8,4.5,35.7,2.8,0.5,21,22.2,0.6,0.3,0.9,0.053,2016
"Natasha Cloud","WAS","G",31,753,10.1,0.478,0.422,0.354,0.8,7.5,25.6,1.7,0.3,18.8,14,0.3,0.6,0.9,0.05,2016
"Sydney Colson","SAS","G",34,573,12.6,0.528,0.19,0.431,2.9,5.7,27.4,3.5,0.1,23.8,17.2,0.1,0.6,0.7,0.05,2016
"Alex Harden","PHO","G",28,210,9,0.489,0.3,0.05,5.9,6.4,9.7,2.9,1.5,18,10.8,0,0.2,0.3,0.05,2016
"Monique Currie","SAS","F",34,868,13.5,0.497,0.241,0.302,4.8,10.2,16.4,1.6,1.2,14.2,22.8,0.2,0.8,1.1,0.049,2016
"Brittany Boyd","NYL","G",33,651,11.9,0.441,0.173,0.389,3,7.2,29.6,4.1,0.4,21.1,20.8,-0.6,1.3,0.8,0.047,2016
"Jayne Appel-Marinelli","SAS","C",34,786,9.8,0.491,0.034,0.412,6.1,14,15.5,2,3.5,27.8,11.4,-0.4,1.3,0.9,0.046,2016
"Tiffany Mitchell","IND","G",34,681,10.9,0.51,0.353,0.419,2.8,5.5,11.8,2.3,0.4,16.2,22.7,0.2,0.6,0.8,0.046,2016
"Markeisha Gatling","TOT","C",27,232,8.1,0.54,0,0.291,10.7,11.8,5.7,1.1,2.6,24.4,15.8,0,0.2,0.2,0.042,2016
"Vicki Baugh","SAS","F-C",11,148,10.8,0.595,0,0.273,12.6,16.6,3.8,1.4,1.6,27.5,15.9,0,0.2,0.2,0.041,2016
"Courtney Williams","TOT","G",25,351,14.4,0.445,0.163,0.127,9,13,15,1.7,0.7,10.7,24.2,0,0.4,0.4,0.04,2016
"Alex Bentley","CON","G",34,979,11.3,0.467,0.383,0.148,1.1,3.9,14.5,1.6,0.2,9.5,22.8,0.5,0.5,0.9,0.039,2016
"Skylar Diggins-Smith","DAL","G",27,765,14,0.507,0.266,0.455,1.7,3.9,22.1,1.9,0.8,15.3,23.2,0.7,0,0.7,0.037,2016
"Bria Hartley","WAS","G",24,406,11.2,0.514,0.436,0.338,2.7,7,23.6,1.3,0,18.6,21.3,0.2,0.2,0.4,0.037,2016
"Marta Xargay","PHO","G",15,296,9,0.515,0.52,0.227,4.2,5.3,22.2,2.9,0.8,24.7,16.9,0,0.3,0.3,0.037,2016
"Kahleah Copper","WAS","G-F",30,487,10.7,0.509,0.192,0.404,3.2,11.4,8.5,1.6,0.3,15.2,20.5,-0.1,0.5,0.4,0.034,2016
"Plenette Pierson","DAL","F",27,718,12.6,0.484,0.297,0.233,5.4,10,14,1.6,1,12.7,22.7,0.4,0.2,0.6,0.034,2016
"Swin Cash","NYL","F",31,604,9.3,0.438,0.05,0.373,7.2,9.8,11.3,1.9,1.9,18,16.6,-0.5,1,0.5,0.033,2016
"Sandrine Gruda","LAS","F-C",7,37,4.7,0.371,0,0.111,7.3,6.8,7.8,1.4,2.2,9.6,13.2,0,0.1,0,0.029,2016
"Jamie Weisner","WAS","",7,25,9.7,0.607,0.444,0.222,4.9,7.2,15.2,0,0,23.3,23.7,0,0,0,0.029,2016
"Camille Little","CON","F",33,812,9.2,0.467,0.36,0.228,3.5,7.3,12.5,2.4,0.9,16.9,17.6,-0.3,0.8,0.5,0.024,2016
"Dearica Hamby","SAS","F",25,633,11.1,0.49,0.073,0.432,6.6,12,7.5,1.1,1.5,15.2,19.7,-0.2,0.6,0.4,0.023,2016
"Marissa Coleman","IND","G-F",32,781,9.9,0.471,0.5,0.346,3.7,8.7,13.1,1.9,1,16.5,19.7,-0.3,0.8,0.4,0.022,2016
"Clarissa Dos Santos","CHI","C",20,187,9.2,0.42,0.017,0.339,12,13.9,6.7,1.4,1.8,12.9,18.2,0,0.1,0.1,0.021,2016
"Jenna O'Hea","SEA","F",22,252,8.3,0.476,0.576,0.152,4.2,6.9,12,1.7,0.9,17.6,15.8,-0.1,0.2,0.1,0.018,2016
"Odyssey Sims","DAL","G",34,1074,12.5,0.479,0.346,0.335,2,4.7,22.4,1.8,0.5,14.8,23.4,0.5,0,0.5,0.018,2016
"Ivory Latta","WAS","G",22,458,10,0.491,0.633,0.265,2.4,4.9,16.2,0.9,0.2,14.3,21.8,0.1,0.1,0.2,0.015,2016
"Kaleena Mosqueda-Lewis","SEA","F",32,395,9,0.525,0.656,0.119,2.6,4.1,11.5,0.7,0.4,14.1,21.9,0,0.1,0.1,0.015,2016
"Lindsey Harding","TOT","G",26,443,8.1,0.427,0.075,0.236,1.1,6.7,21.8,1.4,0.3,17.6,14.5,-0.2,0.4,0.2,0.014,2016
"Kelly Faris","CON","G",31,317,6.5,0.512,0.377,0.283,4.3,7.2,9.9,3.5,1,32.7,12.1,-0.3,0.4,0.1,0.012,2016
"Carla Cortijo","ATL","G",27,294,10.9,0.454,0.354,0.252,1.6,8.2,26.3,1.4,0.3,16.6,24.9,-0.2,0.3,0.1,0.011,2016
"Kayla McBride","SAS","G",17,523,15,0.473,0.342,0.245,2.9,7.8,13.7,1.8,0.3,9.9,30.2,-0.3,0.4,0.1,0.01,2016
"Rachel Hollivay","ATL","C",32,284,3.8,0.374,0,0.842,8,13.3,2.1,0.5,3.4,17.4,9.6,-0.3,0.3,0.1,0.009,2016
"Jordan Hooper","DAL","F",32,291,9.2,0.515,0.732,0.071,3,7.4,3.2,1,0.5,12.2,19.5,0.1,0,0.1,0.009,2016
"Theresa Plaisance","DAL","F",27,320,8.6,0.479,0.417,0.102,7.5,12.2,4.5,1.1,2.6,14.4,17.8,-0.1,0.1,0.1,0.008,2016
"Erica Wheeler","IND","G",34,811,9.1,0.484,0.209,0.176,2.8,5.7,20,1.5,0.1,18.8,20.3,-0.4,0.5,0.1,0.006,2016
"Jelena Dubljevic","LAS","F",15,79,6.2,0.472,0.136,0.136,3.4,10.4,13.4,0.7,1,23.1,18,-0.1,0.1,0,0.003,2016
"Jazmon Gwathmey","SAS","G",22,351,6,0.436,0.346,0.167,3,6.5,7.9,1.2,1.8,11.6,12.5,-0.2,0.2,0,0.002,2016
"Tanisha Wright","NYL","G",29,668,8.6,0.449,0.086,0.234,3.9,5.7,25.3,2,0.6,23.6,18.7,-0.8,0.8,0,0.002,2016
"Alex Montgomery","SAS","G-F",25,357,8.6,0.431,0.327,0.122,4.9,8.9,19.6,1.5,0.9,16.2,15.9,-0.3,0.3,0,0,2016
"Evgeniya Belyakova","LAS","F",21,238,4.1,0.36,0.519,0.296,1.1,4,8.9,2.9,0.3,11.6,13.6,-0.4,0.4,0,-0.003,2016
"Ally Malott","WAS","F",23,179,7.7,0.455,0.653,0.224,4.1,8.7,9.3,1.8,1.3,18.2,16.9,-0.2,0.2,0,-0.008,2016
"Kelsey Bone","TOT","C",34,528,9,0.458,0.082,0.221,7.4,14.3,9.3,1.2,0.6,18.3,23.3,-0.8,0.5,-0.3,-0.02,2016
"Haley Peters","SAS","F",34,594,6.8,0.424,0.335,0.172,3.1,7.9,8.6,1.1,0.9,10.8,20.1,-0.9,0.4,-0.5,-0.037,2016
"Matee Ajavon","ATL","G",32,338,6.4,0.387,0.11,0.339,6.4,8.8,18.7,1.8,1.8,19.6,21.6,-0.8,0.4,-0.4,-0.049,2016
"Ruth Hamblin","DAL","C",20,130,5.8,0.299,0,0.219,7.5,13,4.9,0.8,5.2,10.2,13,-0.2,0.1,-0.2,-0.049,2016
"Zoi Dimitrakou","WAS","",2,11,-0.2,0.5,0.667,0,0,5.5,15.2,0,0,25,16.8,0,0,0,-0.056,2016
"Noelle Quinn","TOT","G",33,407,3.5,0.33,0.272,0.148,0.6,7.1,18.4,1.8,0.9,25.2,13.1,-1,0.4,-0.6,-0.059,2016
"Meighan Simmons","ATL","G",25,148,6.4,0.409,0.622,0.133,0.8,3.9,10.1,0.7,1.5,9.5,30.9,-0.3,0.1,-0.2,-0.061,2016
"Bashaara Graves","MIN","F",12,41,-1.5,0.286,0,0,9.3,5.9,6.6,0,0,30,10.8,-0.1,0,-0.1,-0.07,2016
"Aneika Henry-Morello","CON","F-C",10,50,3.1,0.395,0,0.385,9,16.8,6,1,1.6,28.3,18.3,-0.2,0.1,-0.1,-0.097,2016
"Tiffany Bias","DAL","G",10,64,7.3,0.513,0.478,0.522,1.7,4.5,16.7,1.6,0,28,26.5,-0.1,0,-0.2,-0.099,2016
"Betnijah Laney","CHI","G-F",8,42,-1.5,0.291,0.083,0.333,2.8,7,3.1,1.2,0,12.7,16.4,-0.1,0,-0.1,-0.128,2016
"Brianna Kiesel","DAL","G",14,103,-0.3,0.242,0.261,0.174,1.1,3.4,27,2.5,0,28.8,14.6,-0.4,0,-0.4,-0.154,2016
"Monica Wright","SEA","G",16,98,0.3,0.355,0.385,0.192,1.3,5.1,17.6,3.7,0.8,33.2,20.1,-0.5,0.1,-0.4,-0.156,2016
"Frida Eldebrink","SAS","",8,44,-1,0.169,0.75,0.25,2.7,4.1,25.1,1.2,0,31.1,13.5,-0.2,0,-0.2,-0.191,2016
"Whitney Knight","TOT","G",10,38,-2.4,0.2,0.733,0,3.5,8.1,7.8,2.8,4.3,11.8,20.9,-0.3,0.1,-0.2,-0.198,2016
"Avery Warley-Talbert","TOT","C",3,15,-4.3,0,0,0,7.8,11.8,10.2,0,5.3,25,11.8,-0.1,0,-0.1,-0.205,2016
"Cierra Burdick","ATL","F",8,29,-8.8,0.169,0,0.25,11.8,7.9,0,0,0,18.4,16.3,-0.2,0,-0.2,-0.227,2016
"Brene Moseley","IND","",8,77,-5.7,0.298,0.217,0.217,1.6,2.5,18,2.7,0,38.8,24.3,-0.7,0.1,-0.6,-0.323,2016
"Nirra Fields","PHO","",4,17,-15.9,0.19,0.143,0.286,0,0,0,0,0,20.2,26.5,-0.2,0,-0.2,-0.466,2016
"Ameryst Alston","NYL","",1,0,NA,NA,NA,NA,NA,NA,NA,NA,NA,NA,NA,0,0,0,NA,2016
"Brittany Boyd","NYL","G",2,32,39.7,0.655,0.067,0.733,10.8,14.2,34.7,4.9,0,9.2,30.2,0.3,0.1,0.4,0.469,2017
"Sylvia Fowles","MIN","C",34,1048,30.8,0.691,0,0.456,14.8,20.6,8.7,2.2,5.2,15.1,23.3,5.7,3.4,9.2,0.35,2017
"Nneka Ogwumike","LAS","F",34,1050,28.1,0.636,0.122,0.354,7.8,16,12.4,3.1,1.5,9.4,24.4,5.5,2.9,8.4,0.321,2017
"Jonquel Jones","CON","F",34,970,26.8,0.634,0.165,0.487,14.2,23.6,8.3,1.5,4,12.2,20.7,4.8,2.4,7.2,0.297,2017
"Elena Delle Donne","WAS","F-G",25,758,28.5,0.636,0.264,0.463,5.9,12.7,10.9,1.4,3.7,8.9,25.2,4.4,1,5.4,0.287,2017
"Brittney Griner","PHO","C",26,820,28.7,0.642,0,0.532,6.7,14.6,13.1,1.1,6.3,12.6,28,3.9,1.5,5.4,0.262,2017
"Maya Moore","MIN","F",34,1063,22.5,0.561,0.338,0.271,6.1,9.8,18.2,3.1,1.1,10.4,24.5,4.1,2.8,6.9,0.258,2017
"Brionna Jones","CON","F",23,147,19.4,0.653,0,0.6,12.2,14.7,3.1,3,1.1,15.1,17.3,0.6,0.3,0.8,0.231,2017
"Candace Parker","LAS","F-C",33,1007,25.2,0.567,0.292,0.292,5.4,17.5,24.2,2.5,4.7,15.3,26.6,2.6,3.1,5.8,0.229,2017
"Chelsea Gray","LAS","G",34,1125,19,0.618,0.303,0.27,2.5,6.4,21.6,1.7,0.6,13.8,19.3,3.9,1.8,5.7,0.202,2017
"Breanna Stewart","SEA","F",33,1086,24.3,0.588,0.283,0.443,6,16.4,15.3,1.8,3.9,12.5,27.6,3.5,1.8,5.3,0.196,2017
"Epiphanny Prince","NYL","G",28,751,18.1,0.518,0.332,0.284,4.9,7.7,18.7,2.4,0.8,9.7,21.2,2,1.3,3.3,0.178,2017
"Seimone Augustus","MIN","G-F",32,886,16.1,0.558,0.149,0.129,1.9,6.5,22.3,1,0.3,12.6,17.9,2.3,1.5,3.9,0.174,2017
"Tina Charles","NYL","C",34,1095,21.9,0.508,0.116,0.258,7.2,16.5,16.2,1.3,1.8,10.8,29.9,2.3,2.4,4.7,0.172,2017
"Rebekkah Brunson","MIN","F",30,807,15.4,0.54,0.272,0.37,8,15.2,8.1,2.1,1.3,14.5,18.2,1.3,2.2,3.5,0.171,2017
"Tiffany Hayes","ATL","G",33,989,18.8,0.582,0.339,0.486,3.4,7.3,14.8,2.1,0.7,11.8,23,3.1,1.1,4.2,0.171,2017
"Lynetta Kizer","CON","F",20,238,18.4,0.526,0.01,0.3,10.3,13.6,4.2,2.3,2.3,8.1,22.2,0.6,0.4,1,0.169,2017
"Natasha Howard","MIN","F",34,397,15.4,0.528,0.111,0.238,9.9,12.5,9.6,2.3,4.3,15.7,18.5,0.5,1.1,1.6,0.164,2017
"Kiah Stokes","NYL","C",34,666,14.6,0.596,0.009,0.478,13.3,18.3,7,0.9,4.8,22.6,11.7,1.2,1.5,2.7,0.162,2017
"Skylar Diggins-Smith","DAL","G",34,1162,21.3,0.57,0.308,0.479,2.2,6,31.3,1.9,1.9,14.6,23.4,4.4,0.2,4.6,0.158,2017
"Emma Meesseman","WAS","F",23,653,20.9,0.54,0.157,0.164,7,11.5,19.6,1.8,4.1,11.8,23.4,1.6,0.9,2.5,0.154,2017
"Odyssey Sims","LAS","G",31,752,16.7,0.527,0.229,0.277,2.5,5,22.6,3.1,0.6,13.4,20.1,1.4,1.5,2.9,0.153,2017
"Diana Taurasi","PHO","G",31,883,19,0.579,0.595,0.324,1.4,6.3,18.2,0.9,0.9,11.4,27.8,2.7,0.7,3.3,0.151,2017
"Crystal Langhorne","SEA","F-C",34,967,18.5,0.671,0.007,0.299,5.9,13.2,9.4,1,1,15.3,18,2.8,0.8,3.6,0.149,2017
"Renee Montgomery","MIN","G",34,743,13.8,0.56,0.502,0.263,2.5,4.4,23,1.7,0.2,19.3,18,1.4,1.3,2.7,0.146,2017
"Shavonte Zellous","NYL","G",34,991,14.1,0.547,0.165,0.564,3.8,7.8,15.8,1.5,0.7,15.2,19.1,2.1,1.5,3.6,0.145,2017
"Alyssa Thomas","CON","F",33,982,19.4,0.536,0.008,0.545,5.3,13,24.3,2.6,1,17.6,24.2,1.5,2,3.5,0.142,2017
"Aneika Henry-Morello","ATL","F-C",6,31,15.6,0.857,0,0,3.5,11.1,12.4,3.2,0,30,14,0.1,0.1,0.1,0.14,2017
"Tianna Hawkins","WAS","F",33,547,16,0.556,0.246,0.23,9,14.4,3.7,1.7,1.1,10.8,18.9,1.3,0.6,1.9,0.139,2017
"Kia Vaughn","NYL","C",28,549,13.9,0.545,0,0.174,11.3,14.2,6.1,1.1,1.6,13.4,13.8,0.9,1,1.9,0.137,2017
"Nayo Raincock-Ekunwe","NYL","F",32,295,13.2,0.563,0.051,0.782,11.3,11,4.6,0.9,0.3,14,18.3,0.6,0.4,1,0.135,2017
"Rachel Hollivay","ATL","C",7,34,11.6,0.654,0,0.333,9.6,15.1,0,0,4.8,12.7,10.1,0.1,0,0.1,0.133,2017
"Krystal Thomas","WAS","C",34,888,15.9,0.565,0,0.378,14.2,21,6.2,1,3.3,18.6,13,1.6,1.4,3,0.133,2017
"Shekinna Stricklen","CON","F",34,926,12.3,0.592,0.749,0.16,2.1,6.6,5.7,2.2,0.3,10.5,12.8,1.7,1.3,3,0.131,2017
"Tayler Hill","WAS","G",18,462,17,0.531,0.466,0.419,1.2,4.2,18.3,1.8,0.2,10.3,24.5,1.3,0.2,1.5,0.13,2017
"Alana Beard","LAS","G-F",34,1048,11.6,0.551,0.098,0.238,2.7,6.9,10.4,3.5,1.4,17.4,11.4,0.9,2.4,3.3,0.127,2017
"Stefanie Dolson","CHI","C",33,968,18.5,0.636,0.205,0.199,5.3,11.6,14.8,0.9,3.2,17.7,20.9,2.3,0.8,3.1,0.127,2017
"Leilani Mitchell","PHO","G",34,726,16.2,0.55,0.481,0.438,2.2,6.7,28,2.2,1.1,17.6,18.8,1.4,0.9,2.3,0.124,2017
"Courtney Vandersloot","CHI","G",27,817,18.6,0.594,0.276,0.146,2.4,7.2,41.9,2,0.5,23.4,18.5,2.1,0.5,2.5,0.124,2017
"Monique Currie","TOT","F",36,784,17.2,0.552,0.32,0.353,3.1,10.3,18.3,1.6,1.2,13.3,23.5,1.5,0.9,2.4,0.124,2017
"Shenise Johnson","IND","G",14,348,19.8,0.546,0.236,0.315,4.5,8.8,18.5,3.2,1,11.1,21.7,0.8,0.2,1.1,0.122,2017
"Danielle Adams","CON","F-C",19,83,14.1,0.519,0.689,0.111,9.4,7.5,7.8,2.4,3.7,12.9,28,0.1,0.1,0.2,0.12,2017
"Elizabeth Williams","ATL","C-F",34,1069,16.3,0.513,0.003,0.267,10.8,13.1,7.5,1.7,5.1,11.8,15.8,1.4,1.7,3.2,0.119,2017
"Jennifer Hamson","IND","C",12,86,17.2,0.617,0,0.389,8.4,18.5,4,0.6,10.6,19.2,14.1,0.1,0.1,0.3,0.118,2017
"Allie Quigley","CHI","G",31,1000,18.1,0.632,0.474,0.148,1.1,5.9,18.8,1.2,1.2,15.3,21,2.6,0.3,2.9,0.116,2017
"Kayla Alexander","SAS","C",34,522,16.7,0.607,0,0.133,10.4,12.5,6.3,1.5,2.7,15.5,17.8,1,0.5,1.5,0.115,2017
"Plenette Pierson","MIN","F",34,465,12.3,0.51,0.341,0.146,4.1,10,16,1.5,0.9,16.7,20,0.3,1,1.3,0.115,2017
"Jasmine Thomas","CON","G",32,902,17.2,0.517,0.33,0.18,1.6,4.7,24.9,2.8,0.3,14.8,24.4,1.2,1.3,2.5,0.113,2017
"Kayla Thornton","DAL","F",34,586,14.8,0.539,0.345,0.48,7.5,11.2,8.5,1.9,1.1,10.1,17.1,1.5,0.2,1.6,0.113,2017
"Lindsay Whalen","MIN","G",22,520,12.4,0.524,0.222,0.235,1.9,6.3,25.6,1.1,0.3,20.7,18.2,0.6,0.9,1.5,0.113,2017
"Courtney Williams","CON","G",34,884,16,0.511,0.095,0.105,5.8,9.2,13.4,1,0.7,10.1,22,1.5,1,2.4,0.11,2017
"Sue Bird","SEA","G",30,901,16.5,0.551,0.547,0.113,1,4.1,35.9,2.1,0.3,17.7,18.2,2,0.4,2.4,0.105,2017
"Glory Johnson","DAL","F",33,1022,18.2,0.537,0.166,0.318,8.5,17.2,9.9,2,1,13.7,21.9,1.9,0.8,2.7,0.104,2017
"Jewell Loyd","SEA","G",34,1059,19.1,0.547,0.29,0.317,4,6.3,20.1,2.1,0.9,13.4,28.1,2.1,0.6,2.8,0.104,2017
"Sydney Wiese","LAS","G",28,222,9.5,0.504,0.583,0.133,1.8,6.3,5.3,1.2,1.2,3.1,13.6,0.2,0.3,0.6,0.104,2017
"Cierra Burdick","TOT","F",10,86,12.6,0.705,0.091,0,5.5,8.2,19.5,1.2,1,26.7,15.5,0.1,0.1,0.2,0.104,2017
"Natalie Achonwa","IND","F",34,623,16.2,0.597,0,0.335,7.1,13,7.4,1.2,2.3,13.3,17.4,1.4,0.2,1.6,0.102,2017
"Moriah Jefferson","SAS","G",21,514,16.9,0.572,0.129,0.174,1.4,4.4,33.1,3.3,0.3,20.5,18.4,0.8,0.5,1.3,0.1,2017
"Alysha Clark","SEA","F",33,934,12.2,0.606,0.332,0.252,4.7,9.2,9.1,1.3,0.3,12.8,12.9,1.8,0.5,2.3,0.099,2017
"Temi Fagbenle","MIN","F",21,89,9.5,0.569,0,0.5,7.1,14.4,1.6,1.7,3.7,26.7,15,0,0.2,0.2,0.099,2017
"Jia Perkins","MIN","G",34,554,9.7,0.445,0.255,0.161,2.5,7.5,11.9,3.4,0.1,14.9,15.1,-0.1,1.4,1.3,0.097,2017
"Kayla McBride","SAS","G",30,995,15.5,0.528,0.418,0.354,1.7,7.6,14,1.8,0.4,11.7,22.4,1.7,0.7,2.4,0.096,2017
"Keisha Hampton","CHI","F",19,148,13.8,0.569,0.621,0.103,5,4.7,6.4,1.7,1.5,7.6,19.6,0.3,0,0.3,0.094,2017
"Kristi Toliver","WAS","G",34,989,13.8,0.553,0.664,0.177,1.3,3.9,20.5,1.2,0.6,14.5,19.4,1.9,0.3,2.2,0.088,2017
"Allisha Gray","DAL","G",34,924,16.4,0.488,0.297,0.335,6.5,8.5,8.9,2.8,1.7,8.5,22.5,1.5,0.5,2,0.086,2017
"Essence Carson","LAS","G",24,464,9.4,0.498,0.346,0.231,3.2,5.5,9,1.7,1.5,13.6,13.2,0.2,0.7,1,0.084,2017
"Karima Christmas-Kelly","DAL","F-G",34,1011,13.2,0.536,0.338,0.563,6.3,8.3,12.2,2.1,0.5,14.6,16,2,0.1,2.1,0.084,2017
"Stephanie Talbot","PHO","F-G",34,609,10.6,0.517,0.341,0.374,5.8,9.1,14.5,2,1.2,17.3,12.9,0.6,0.7,1.3,0.084,2017
"Bria Hartley","NYL","G",34,727,11.3,0.519,0.462,0.164,1.6,5.6,16.2,1.4,0.6,16.1,18.5,0.5,1,1.5,0.083,2017
"Erlana Larkins","IND","F",34,640,13.8,0.633,0,0.291,12,14.1,10,1.5,1.3,24.1,12.6,1.2,0.1,1.3,0.083,2017
"Sugar Rodgers","NYL","G",33,844,12.1,0.459,0.52,0.153,3.1,8.5,15.5,1.8,1.6,12.3,22.6,0.2,1.5,1.7,0.081,2017
"Jantel Lavender","LAS","F",32,553,13.5,0.524,0.075,0.122,8.1,11.2,8.8,0.8,0.8,15.1,22.1,0.3,0.9,1.1,0.08,2017
"Kayla Pedersen","CON","F",26,266,7,0.447,0.029,0.486,9.7,12.6,7.4,1.3,0.6,19.1,8.4,0.2,0.4,0.5,0.079,2017
"Sancho Lyttle","ATL","F",29,820,11.4,0.468,0.043,0.156,6.5,14.4,9.1,2.8,1.8,16.1,12.5,0,1.6,1.6,0.078,2017
"Angel Robinson","PHO","F-C",15,237,9.8,0.616,0.023,0.159,8.2,14.8,5.6,0.2,3.7,25.4,12.1,0.2,0.3,0.5,0.078,2017
"Alex Bentley","CON","G",31,735,10.9,0.458,0.3,0.179,0.6,3.5,18,1.7,0.4,8.7,18.1,0.6,0.8,1.4,0.077,2017
"Candice Dupree","IND","F",33,1049,18,0.531,0.005,0.176,4,11.6,10.4,1.5,1.2,8.8,22.7,1.7,0.4,2,0.077,2017
"Noelle Quinn","SEA","G",32,504,10.3,0.597,0.629,0.339,0.3,6.4,25.1,1.3,0.8,29.6,9.4,0.7,0.2,0.9,0.075,2017
"Isabelle Harrison","SAS","F",34,906,15.7,0.527,0.006,0.294,9.6,14.5,10.2,1.6,2.3,15.6,21.6,0.7,1,1.7,0.074,2017
"Courtney Paris","DAL","C",20,273,13,0.56,0,0.235,13.3,15.9,9,1.3,3.1,20.2,14.5,0.4,0.1,0.5,0.072,2017
"Brittney Sykes","ATL","G",34,863,15.2,0.497,0.264,0.309,3.5,9.3,14.5,1.1,1.7,10.9,26.7,0.6,1,1.6,0.072,2017
"Rebecca Allen","NYL","G",33,304,10.6,0.449,0.436,0.059,4.9,12.6,9.2,2,3.5,14.8,17.7,-0.2,0.7,0.5,0.07,2017
"Theresa Plaisance","DAL","F",34,690,13,0.487,0.478,0.114,6.8,12.5,7.9,1.8,2.7,9.8,18.1,0.8,0.4,1.2,0.069,2017
"Lindsay Allen","NYL","G",28,376,9,0.399,0.21,0.161,3.1,6.4,24.6,2.2,0.2,22.2,10,0,0.6,0.6,0.067,2017
"Ivory Latta","WAS","G",34,579,13.1,0.492,0.538,0.249,1.4,2.8,18,1.4,0.1,9.8,23.7,0.9,0.1,1,0.067,2017
"Emma Cannon","PHO","F",34,440,10.3,0.526,0.018,0.553,11.9,16.8,3.9,0.6,0.9,17.9,17.8,0.2,0.5,0.7,0.065,2017
"Cheyenne Parker","CHI","F",23,286,12.7,0.513,0.043,0.522,13.3,15.8,6.7,1.4,3.8,19.8,16.4,0.1,0.3,0.4,0.062,2017
"Shatori Walker-Kimbrough","WAS","G",27,336,11,0.513,0.34,0.423,2.4,5.1,6,2.3,0.9,12.9,17.6,0.3,0.3,0.5,0.062,2017
"Damiris Dantas","ATL","F",34,614,12.3,0.471,0.377,0.165,5.8,11.3,6.8,1.4,2.5,9.1,21.7,0.1,0.8,0.9,0.061,2017
"Imani McGee-Stafford","TOT","C",32,430,12.2,0.488,0.024,0.187,12.4,16.8,5,1,4.2,15.3,16.1,0.1,0.5,0.6,0.06,2017
"Jessica Breland","CHI","F",34,834,15.4,0.517,0.072,0.161,7.9,15,10.1,1.1,5.2,16.5,19.9,0.2,1.1,1.2,0.059,2017
"Dearica Hamby","SAS","F",34,686,13.7,0.502,0.037,0.466,8.8,12.8,9,2.2,1.1,14.8,20.3,0.3,0.7,1,0.059,2017
"Adut Bulgak","CHI","C",5,61,12.6,0.455,0.136,0.227,8,19,0,4.1,2.4,11,19.7,-0.1,0.1,0.1,0.056,2017
"Danielle Robinson","PHO","G",32,752,11.7,0.501,0.036,0.339,2.3,7.5,24.5,2.4,0.5,21.7,17,0.1,0.9,1.1,0.056,2017
"Asia Taylor","WAS","G",24,160,11.4,0.437,0.05,0.65,12.8,15.6,9,2.3,1,17.6,17.5,0,0.2,0.2,0.054,2017
"Jordan Hooper","TOT","F",28,299,10.5,0.526,0.758,0.061,1.1,6.9,4.7,1.5,0.2,8.1,16.2,0.2,0.2,0.4,0.049,2017
"Shay Murphy","TOT","G",26,253,9.2,0.483,0.571,0.19,5.7,9.1,11,2,0.3,14.9,14.3,0.1,0.2,0.3,0.049,2017
"Sami Whitcomb","SEA","G",33,404,11.5,0.517,0.767,0.158,4.6,8.6,13.4,3.1,0,16.9,19.9,0.1,0.4,0.5,0.047,2017
"Layshia Clarendon","ATL","G",34,1014,13,0.454,0.169,0.251,3.2,7.2,38.4,1.6,0.2,18.3,21.1,0.2,1,1.1,0.044,2017
"Allison Hightower","WAS","G",11,145,12.1,0.423,0.259,0.138,3.1,5.5,14.8,2.9,0,6.1,20.3,0,0.1,0.2,0.044,2017
"Aerial Powers","DAL","F-G",12,244,15.3,0.47,0.356,0.373,7.6,12,13.5,1,1.9,11.6,26.8,0.2,0,0.3,0.044,2017
"Kahleah Copper","CHI","G-F",34,485,11.9,0.542,0.182,0.283,2.8,7.9,4.4,1.1,0.3,11.7,21.7,0.3,0.2,0.5,0.042,2017
"Tierra Ruffin-Pratt","WAS","G",34,827,11,0.417,0.016,0.43,7.2,12.4,15.8,2.1,1.6,14.4,18.8,-0.2,1,0.8,0.04,2017
"Cayla George","PHO","C",32,381,7.7,0.452,0.422,0.128,3.5,13.5,6.6,1.2,2.5,11.5,15.5,-0.2,0.6,0.4,0.038,2017
"Rachel Banham","CON","G",30,283,7.6,0.446,0.564,0.198,0.8,6.8,11.3,0.7,0,9.9,18.4,0,0.3,0.3,0.036,2017
"Ameryst Alston","NYL","",2,3,29.8,0.5,0,0,38.2,38,83.8,0,0,33.3,44.2,0,0,0,0.035,2017
"Bashaara Graves","CHI","F",10,92,10.5,0.518,0,0.318,8,14.5,8.1,1.1,0.8,19.3,14.9,0,0.1,0.1,0.035,2017
"Alexis Jones","MIN","G",29,211,7.3,0.456,0.382,0.184,2.4,6.4,15.9,1.9,0,20.4,21.7,-0.2,0.4,0.2,0.034,2017
"Brianna Kiesel","ATL","G",9,75,6.3,0.361,0.6,0.667,0,3,17.8,2,1.1,4.9,11.8,0,0.1,0.1,0.034,2017
"Natasha Cloud","WAS","G",24,448,9.5,0.408,0.432,0.229,1.8,7.5,24.7,2,0.5,15,15.3,0,0.4,0.4,0.031,2017
"Bria Holmes","ATL","G",32,711,10.8,0.444,0.22,0.369,4.9,7.4,13.4,1.6,0.8,11.1,19.2,-0.1,0.7,0.6,0.031,2017
"Riquna Williams","LAS","G",23,408,7.9,0.464,0.529,0.314,2,5,5.8,2.4,0.6,14,21,-0.4,0.7,0.3,0.031,2017
"Erika de Souza","SAS","F-C",27,338,11.1,0.497,0,0.064,10,12.6,10,1.2,2.4,19.2,15.9,0,0.3,0.3,0.03,2017
"Alex Montgomery","SAS","G-F",34,800,9.6,0.445,0.342,0.105,5.9,14.8,14.9,1.4,1,17,15.5,-0.3,0.9,0.5,0.027,2017
"Tiffany Mitchell","IND","G",27,671,13,0.49,0.29,0.429,2.9,8.1,10.1,2.4,0.6,12.4,22.4,0.2,0.2,0.4,0.025,2017
"Amanda Zahui B.","NYL","C",29,155,8.7,0.448,0.123,0.185,6.7,11.4,11.5,1.7,3.2,17.6,24.3,-0.2,0.3,0.1,0.025,2017
"Kaleena Mosqueda-Lewis","SEA","F",18,199,10.4,0.57,0.5,0.162,2.7,6.5,7.7,1,0.4,17.1,20.7,0.1,0.1,0.1,0.023,2017
"Alexis Prince","PHO","G",18,130,8.7,0.418,0.39,0.049,0.9,8.4,9,1.6,2.4,6.7,15.7,-0.1,0.2,0.1,0.023,2017
"Camille Little","PHO","F",34,862,8.5,0.47,0.248,0.239,6.3,9.1,9.6,1.8,1.4,17.5,16.5,-0.5,1,0.5,0.022,2017
"Sequoia Holmes","SAS","G",27,306,9.5,0.433,0.5,0.135,5.1,5,13.3,2.2,1.6,10.6,16.7,0,0.2,0.2,0.02,2017
"Saniya Chong","DAL","G",33,364,9.9,0.496,0.487,0.372,2.7,4.8,14.8,3,0.6,21.6,13.4,0,0.1,0.2,0.017,2017
"Tiffany Jackson-Jones","LAS","F",26,149,4.1,0.491,0.038,0.308,7.3,13.3,2.9,0.7,1.7,28.9,12.9,-0.2,0.3,0.1,0.016,2017
"Nadia Colhado","IND","C",5,13,2.5,1,0,0,9.2,9.8,0,0,6.4,50,7.1,0,0,0,0.013,2017
"Carolyn Swords","SEA","C",30,261,6.5,0.595,0,0.4,5.6,10.9,5.5,1,1.8,27.9,16.1,-0.1,0.2,0.1,0.012,2017
"Amber Harris","CHI","F",27,159,10.2,0.417,0.229,0.167,9.2,15.3,4.7,0.9,4.1,12,16.3,-0.1,0.2,0,0.008,2017
"Ramu Tokashiki","SEA","F",33,411,6.2,0.496,0.032,0.284,6.1,8.1,7.9,1.1,1.8,19.6,15.2,-0.1,0.2,0.1,0.008,2017
"Yvonne Turner","PHO","G",34,434,10.3,0.49,0.335,0.236,3.4,4.6,15.3,2.2,0.2,17.2,22.4,-0.3,0.4,0.1,0.007,2017
"Briann January","IND","G",25,657,12,0.504,0.278,0.346,2.2,3.6,25.8,1.8,0.5,18.3,20.5,0.2,-0.1,0.1,0.006,2017
"Jeanette Pohlen-Mavunga","IND","G",29,374,8.3,0.55,0.494,0.291,1.3,4.8,8.7,1,0,16,13.2,0.2,-0.2,0.1,0.006,2017
"Morgan Tuck","CON","F",22,366,6.5,0.433,0.299,0.165,3.4,7.6,8,1.1,0,13.9,18.5,-0.4,0.4,0,0.001,2017
"Erica Wheeler","IND","G",34,898,14.5,0.486,0.387,0.123,1.5,5.3,29.2,2.7,0.1,15.9,25.3,-0.2,0.2,0,-0.002,2017
"Kelsey Plum","SAS","G",31,711,9.2,0.479,0.39,0.28,2,5.1,25.8,1.2,0.5,22.2,22.5,-0.6,0.2,-0.4,-0.024,2017
"Jennie Simms","TOT","G",14,104,8,0.38,0.36,0.48,6.6,9.1,11.7,2,1.5,16.5,15.9,-0.1,0.1,-0.1,-0.029,2017
"Tamera Young","TOT","F",35,867,8.5,0.432,0.237,0.231,3.2,7.8,11.8,2.1,1.3,15.2,20.3,-1.4,0.7,-0.6,-0.03,2017
"Cappie Pondexter","CHI","G",29,789,9.1,0.434,0.121,0.253,1.9,6.2,23.9,1.2,0.5,17,21.7,-0.8,0.2,-0.6,-0.031,2017
"Kaela Davis","DAL","G",33,511,7.9,0.491,0.2,0.371,2.1,5.3,11.2,1.6,0.5,19.7,20.9,-0.4,-0.1,-0.5,-0.037,2017
"Sydney Colson","SAS","G",28,326,6.7,0.402,0.114,0.364,1.1,2.8,27.7,2.2,0.5,20.9,17.8,-0.5,0.2,-0.3,-0.039,2017
"Maimouna Diarra","LAS","C",10,20,5.1,0.255,0,0.4,27,35,6.8,5.2,0,33.8,20.5,-0.1,0.1,0,-0.04,2017
"Lanay Montgomery","SEA","C",7,28,6.6,0.429,0,0,0,11.1,0,1.9,11.4,22.2,15.1,-0.1,0.1,0,-0.045,2017
"Erica McCall","IND","F",30,322,7.9,0.443,0.03,0.218,7.5,13.6,2.7,0.7,2.3,15.3,18.9,-0.5,0.1,-0.4,-0.051,2017
"Matee Ajavon","ATL","G",31,250,5.8,0.403,0.053,0.513,3.9,8.7,19.1,2.2,0,23.1,21,-0.7,0.3,-0.4,-0.058,2017
"Marissa Coleman","IND","G-F",34,636,5.9,0.457,0.518,0.214,1.5,6.9,8.7,0.8,0.7,17.5,16.3,-0.8,-0.1,-1,-0.06,2017
"Jazmon Gwathmey","IND","G",28,478,7.8,0.448,0.32,0.279,4,7.3,7.7,1.5,3.8,15.7,22.3,-0.9,0.1,-0.7,-0.061,2017
"Nia Coffey","SAS","F",27,210,3.1,0.349,0.068,0.373,9.8,14.5,4.6,1.2,2.4,18.9,18.1,-0.6,0.2,-0.4,-0.078,2017
"Sophie Brunner","TOT","",4,15,-4.9,0,0,0,8.1,16.2,0,0,0,50,6,0,0,0,-0.095,2017
"Evelyn Akhator","DAL","F",15,61,3.3,0.349,0,0.375,12.6,8.7,0,0.8,3.8,21.2,16.3,-0.2,0,-0.2,-0.107,2017
"Haley Peters","TOT","F",4,43,-1.7,0.5,0.667,0,0,4.2,3.8,0,0,30.8,13.6,-0.1,0,-0.1,-0.107,2017
"Alexis Peterson","SEA","G",17,121,3.7,0.375,0.273,0.136,3.3,10.8,18.1,2.1,0,21.8,23.1,-0.5,0.1,-0.3,-0.112,2017
"Chelsea Hopkins","TOT","G",3,9,-4.4,0,0,0,0,0,0,0,0,0,4.8,0,0,0,-0.115,2017
"Meighan Simmons","ATL","G",11,42,1.3,0.351,0.583,0.292,2.6,6.8,4.2,0,1.9,10,31.1,-0.2,0,-0.2,-0.169,2017
"Cecilia Zandalasini","MIN","F",3,19,-8.9,0.25,0,0,0,3.2,0,0,0,33.3,14,-0.1,0,-0.1,-0.19,2017
"Feyonda Fitzgerald","CON","",2,8,1.3,0,0,0,27.9,28.4,15.5,0,0,33.3,16.1,0,0,0,-0.191,2017
"Makayla Epps","CHI","G",17,64,-2.3,0.25,0.278,0.5,3.8,2.7,12.6,1.6,0,18.5,18.6,-0.3,0,-0.3,-0.207,2017
"Ify Ibekwe","LAS","F",6,23,-4.9,0.258,0.222,0.667,11.7,13.9,0,2.2,0,14.7,27.4,-0.2,0,-0.1,-0.209,2017
"Breanna Lewis","DAL","C",13,52,-10.3,0.254,0,0.333,4.2,10.2,5.7,0,0,33.7,16.8,-0.3,0,-0.3,-0.261,2017
"Sandrine Gruda","LAS","F-C",7,28,-7,0.364,0,0,4.8,9.1,0,0,0,31.3,26.4,-0.2,0,-0.2,-0.283,2017
"Darxia Morris","ATL","G",5,21,-10.2,0.417,0.167,0,0,8.2,7.7,0,0,50,24.8,-0.2,0,-0.2,-0.379,2017
"Alexis Prince","ATL","G",2,6,44.3,0.7,0.2,0,18.3,18.4,0,0,0,0,36.2,0.1,0,0.1,0.404,2018
"Breanna Stewart","SEA","F",34,1074,28.9,0.633,0.288,0.337,4.3,15.3,14.7,2.2,3.6,9.4,27.3,5,2.7,7.7,0.288,2018
"Liz Cambage","DAL","C",32,945,30.7,0.643,0.078,0.485,9.3,19,16.5,0.8,4.5,13.4,30.1,4.8,1.4,6.2,0.26,2018
"Elena Delle Donne","WAS","F-G",29,933,27.3,0.592,0.268,0.275,5.5,13.5,13.6,1.5,3.6,5.1,26.2,4.6,1.3,5.9,0.253,2018
"Chiney Ogwumike","CON","F-C",31,790,24.4,0.65,0.007,0.404,12.2,16.7,6.5,2.2,2,12.9,21.6,3.4,1.6,5,0.253,2018
"Sylvia Fowles","MIN","C",34,1087,26.5,0.658,0,0.441,13.5,22.4,12.6,2.3,3.3,18.4,23.4,3.7,2.9,6.6,0.243,2018
"Jonquel Jones","CON","F",34,697,24.3,0.656,0.395,0.292,11.6,15.7,13,1.1,5,15.2,22.3,2.9,1.3,4.2,0.243,2018
"LaToya Sanders","WAS","F-C",28,686,23.5,0.654,0.005,0.319,11.2,15.6,10.8,2.7,3.8,12.1,16.6,2.9,1.2,4.1,0.237,2018
"Diana Taurasi","PHO","G",33,989,24.2,0.638,0.611,0.411,0.5,6.9,32.8,1.6,0.6,13.7,28.8,4.8,0.8,5.6,0.227,2018
"Natasha Howard","SEA","F",34,869,22.3,0.615,0.163,0.325,11.1,14.6,6.4,2.6,6,14.9,22.4,2.3,2.3,4.6,0.21,2018
"Candace Parker","LAS","F-C",31,949,25.2,0.573,0.283,0.348,6.4,16.1,28.3,2.1,3,16,28.9,2.3,2.3,4.6,0.195,2018
"Sue Bird","SEA","G",31,824,19.1,0.604,0.543,0.117,0.7,3.8,40.7,2.2,0.2,18.5,17.5,2.9,1.1,3.9,0.192,2018
"Nneka Ogwumike","LAS","F",27,831,21.5,0.58,0.081,0.27,7,13.4,11.6,2.7,1.2,10,22.9,2.2,1.8,4,0.192,2018
"Brittney Griner","PHO","C",34,1108,23.9,0.602,0.008,0.419,7.2,14.1,12.5,0.8,6,12.1,27.3,3.5,1.7,5.2,0.187,2018
"Tiffany Hayes","ATL","G",31,897,19.9,0.562,0.327,0.421,3.4,6.9,16.8,2,0.6,9.5,25.4,2.6,1.5,4.1,0.183,2018
"A'ja Wilson","LVA","F",33,1010,24.6,0.534,0,0.468,7.3,14.5,13.7,1.4,4.4,6.9,29.2,3,1.4,4.4,0.176,2018
"Maria Vadeeva","LAS","C",25,204,18.8,0.574,0.162,0.162,10.5,16.3,9.6,2.3,4.6,13.1,21.3,0.4,0.5,0.9,0.174,2018
"DeWanna Bonner","PHO","F-G",34,1120,20.5,0.566,0.383,0.293,5.3,13.1,17.2,2,1,9.6,23.6,3.2,1.5,4.7,0.169,2018
"Jewell Loyd","SEA","G",34,1010,19,0.55,0.421,0.265,5,8.9,20.2,2.2,0.4,11.9,24.4,2.5,1.6,4.2,0.164,2018
"Rachel Banham","CON","G",33,424,14,0.578,0.609,0.286,1.6,4,15.9,1.8,0.6,10.7,17.1,1.3,0.5,1.7,0.163,2018
"Courtney Paris","SEA","C",34,360,12.8,0.541,0.017,0.283,13,21.4,8.6,1.1,1.9,17.2,10.2,0.6,0.8,1.4,0.157,2018
"Maya Moore","MIN","F",34,1081,19.7,0.528,0.343,0.228,5.2,9.7,14.7,2.7,1,9.4,26.8,2,2.1,4.1,0.15,2018
"Elizabeth Williams","ATL","C-F",33,885,16.1,0.563,0,0.466,8.8,11.9,8.5,1.5,5.3,13.3,15.1,1.4,1.9,3.3,0.15,2018
"Dearica Hamby","LVA","F",33,474,19.8,0.601,0.257,0.354,8.7,13.9,14.8,2.5,1.5,15.5,21.7,1.1,0.7,1.7,0.146,2018
"Natalie Achonwa","IND","F",34,883,18.7,0.58,0,0.365,10.6,15.4,9.4,1.7,2.2,11.2,17.5,2.3,0.9,3.2,0.145,2018
"Chelsea Gray","LAS","G",34,1111,18.6,0.572,0.243,0.243,1.8,6.3,27.2,2.3,0.5,15.3,22.3,2.2,1.8,4,0.143,2018
"Skylar Diggins-Smith","DAL","G",32,1092,19,0.531,0.373,0.39,2.3,5.7,30.8,2.1,1.2,13,24.4,3.1,0.8,3.9,0.142,2018
"Sancho Lyttle","PHO","F",18,419,15.3,0.579,0.009,0.212,7.5,13.7,10.3,2,1.3,12.1,15.4,0.8,0.6,1.4,0.133,2018
"Renee Montgomery","ATL","G",34,935,13.9,0.576,0.764,0.244,0.5,3.4,21.1,2.4,0.2,15.1,16.6,1.6,1.5,3.1,0.132,2018
"Karima Christmas-Kelly","DAL","F-G",6,167,13.5,0.65,0.31,1.103,7.7,11.5,7.9,0.6,0.9,18.8,13.6,0.5,0.1,0.5,0.128,2018
"Shekinna Stricklen","CON","F",34,639,11.7,0.605,0.754,0.078,1.6,7,3.5,1.6,0.5,9.3,13.8,1.2,0.8,2,0.125,2018
"Ariel Atkins","WAS","G",29,652,17.8,0.544,0.453,0.183,5.1,6.3,15.9,3.1,1.3,11.5,23.9,1.3,0.7,2,0.123,2018
"Alysha Clark","SEA","F",31,813,11.7,0.599,0.428,0.225,4.6,7.7,10.3,2,0.4,15.9,12.6,1.3,1.2,2.5,0.123,2018
"Angel McCoughtry","ATL","F-G",29,799,19.1,0.512,0.188,0.346,6.3,12.1,20.1,2.4,1.6,14,29.5,0.6,1.8,2.4,0.121,2018
"Alyssa Thomas","CON","F",24,734,15.3,0.491,0.005,0.45,7.3,15.4,19.4,1.9,1.1,16,17.7,0.8,1.4,2.2,0.12,2018
"Kristi Toliver","WAS","G",33,1087,15.9,0.594,0.581,0.282,0.5,4.2,21.5,1.9,0.1,15.7,19.4,2.6,0.7,3.3,0.12,2018
"Morgan Tuck","CON","F",34,462,14.3,0.561,0.373,0.136,5.7,9.8,5.8,1.5,0.7,11.8,19,0.8,0.6,1.4,0.12,2018
"Kayla McBride","LVA","G",31,1000,18.9,0.566,0.278,0.301,2.8,6.7,18.7,1.6,0.3,11.2,24,2.4,0.6,3,0.119,2018
"Kelsey Plum","LVA","G",31,790,15.4,0.601,0.471,0.176,2,5.2,24.3,1.6,0.5,13.1,15.3,1.9,0.4,2.3,0.119,2018
"Monique Billings","ATL","F",32,353,12.4,0.495,0,0.344,11.5,13.8,5.4,2,0.2,11.6,14.9,0.4,0.7,1,0.117,2018
"Myisha Hines-Allen","WAS","F",24,252,14.8,0.492,0.038,0.325,13.6,16.4,6.4,1.9,1.3,9,18.3,0.4,0.3,0.7,0.117,2018
"Carolyn Swords","LVA","C",26,375,14.3,0.593,0,0.203,13.4,18.1,9.3,0.7,3.7,19.6,12.3,0.6,0.4,1.1,0.115,2018
"Brittney Sykes","ATL","G",29,600,15.3,0.503,0.347,0.415,3.3,9.4,19.4,0.8,2.4,10.3,22.5,0.7,1,1.7,0.115,2018
"Cheyenne Parker","CHI","F",34,670,19.1,0.587,0.079,0.448,10.9,17.1,6,1.4,4.1,14.3,22.4,1.3,0.6,1.9,0.112,2018
"Riquna Williams","LAS","G",33,546,13.6,0.551,0.643,0.151,2.6,5.1,6.7,2.1,0.5,7,19.9,0.7,0.8,1.5,0.111,2018
"Kayla Thornton","DAL","F",34,971,12.6,0.567,0.475,0.196,5.3,8.2,9.9,1.8,1,11.8,13.9,1.9,0.7,2.6,0.106,2018
"Azura Stevens","DAL","F-C",34,700,16.9,0.526,0.341,0.256,9.9,12.9,10.4,2.2,4.4,15.1,20.7,0.9,1,1.8,0.104,2018
"Allisha Gray","DAL","G",34,907,13.4,0.538,0.448,0.383,5.2,7.4,13.9,2.4,0.7,14,15.9,1.6,0.7,2.3,0.103,2018
"Brionna Jones","CON","F",27,242,11.6,0.535,0,0.516,11.3,12.7,3.5,1.3,2.1,16.9,16.9,0.3,0.3,0.6,0.098,2018
"Courtney Vandersloot","CHI","G",30,955,18.5,0.606,0.406,0.248,1.9,6.8,43.4,2.1,1.3,25.2,19.3,2.1,0.3,2.3,0.098,2018
"Jasmine Thomas","CON","G",34,956,14.9,0.498,0.368,0.206,3.1,6.7,25.3,2,0.7,16.2,23.6,1.1,1.3,2.3,0.097,2018
"Courtney Williams","CON","G",30,812,15.9,0.491,0.141,0.067,6.4,12.7,17.6,1.4,0.2,12.3,23.4,0.8,1.2,2,0.096,2018
"Erlana Larkins","MIN","F",13,168,10.4,0.477,0,0.111,9.3,12.5,14.7,2.8,1,24.1,10.1,0.1,0.3,0.4,0.095,2018
"Jessica Breland","ATL","F",34,899,14.5,0.454,0,0.152,7.1,16.6,12.4,2.2,5.7,15.6,17.7,-0.6,2.7,2.1,0.094,2018
"Damiris Dantas","ATL","F",19,255,12.2,0.486,0.216,0.186,7.3,9.8,10.8,1.6,0,8.7,19.6,0.2,0.4,0.6,0.094,2018
"Rebekkah Brunson","MIN","F",25,691,11.7,0.498,0.304,0.31,6.4,14.7,13,1.5,1.6,17.1,14.2,0.3,1.3,1.6,0.093,2018
"Betnijah Laney","CON","G-F",29,271,11.9,0.514,0.129,0.157,8.4,10.7,10.8,2.1,0,17.6,14.5,0.2,0.4,0.6,0.092,2018
"Essence Carson","LAS","G",34,786,11.9,0.535,0.466,0.069,1.5,6.9,6.3,2,1.3,8.1,15.7,0.5,1.3,1.8,0.091,2018
"Glory Johnson","DAL","F",29,652,14.3,0.507,0.265,0.289,8.5,15.4,9.5,2.2,1.7,14.5,17.7,0.6,0.9,1.5,0.091,2018
"Alaina Coates","CHI","C",32,364,12.7,0.595,0,0.541,13.1,16.4,5.5,0.8,1.5,15.7,13.3,0.7,0.1,0.8,0.09,2018
"Karlie Samuelson","LAS","G",20,84,9.3,0.528,0.889,0,2.8,7.2,10.7,1.3,5.1,14.3,11.9,0,0.2,0.2,0.09,2018
"Stephanie Talbot","PHO","F-G",31,453,11,0.611,0.524,0.25,7,7.9,13.7,1.6,1.7,22.5,12.2,0.7,0.3,1,0.089,2018
"Temi Fagbenle","MIN","F",30,283,12.9,0.539,0,0.299,11.9,12.8,9.7,1.5,2.7,20.2,17.5,0.1,0.5,0.6,0.088,2018
"Natasha Cloud","WAS","G",27,715,13.5,0.535,0.407,0.132,1,7.2,27.4,1.5,0.5,17.2,16.8,1,0.5,1.6,0.087,2018
"Astou Ndour","CHI","C-F",22,255,14.7,0.565,0.282,0.333,11,12.4,4.4,1,3,11,17.6,0.5,0,0.5,0.084,2018
"Stephanie Mavunga","IND","F",25,194,13,0.534,0.023,0.341,14,16.7,3.4,2.1,2.6,17.9,14.4,0.2,0.2,0.4,0.083,2018
"Alana Beard","LAS","G-F",30,766,8.7,0.435,0.038,0.162,5.6,7.7,9.5,3,0.7,12.6,9.9,0.1,1.4,1.5,0.079,2018
"Imani McGee-Stafford","ATL","C",29,305,12.3,0.459,0,0.174,14,18,9.5,2.1,2.9,19.9,16.5,-0.2,0.8,0.6,0.078,2018
"Kiah Stokes","NYL","C",30,427,11.9,0.55,0,0.195,11.5,18.2,4.4,1.3,3.9,20.1,11.1,0.2,0.6,0.8,0.078,2018
"Kia Nurse","NYL","G",34,774,12.7,0.535,0.492,0.301,3.5,6.2,11.7,1.5,0.6,9.4,18.7,1.2,0.3,1.5,0.076,2018
"Danielle Robinson","MIN","G",28,521,13.2,0.517,0.123,0.31,1.8,5.8,28.2,2.6,0.2,21.8,19.6,0.1,0.9,0.9,0.073,2018
"Sami Whitcomb","SEA","G",31,265,11,0.513,0.802,0.07,2.3,6.3,8.8,3.1,1.2,14.5,17.7,0,0.5,0.5,0.071,2018
"Seimone Augustus","MIN","G-F",33,864,12.6,0.512,0.198,0.102,0.7,4.2,17,0.8,0.8,10.3,20.4,0.6,0.9,1.5,0.069,2018
"Tina Charles","NYL","C",33,1088,18.4,0.534,0.171,0.219,6.6,12.3,16.9,1.1,1.6,13.2,29.2,0.9,0.9,1.7,0.064,2018
"Briann January","PHO","G",33,895,9.5,0.581,0.549,0.198,2,4.5,18.4,1.1,0.3,18.9,12.5,1.1,0.3,1.4,0.064,2018
"Tianna Hawkins","WAS","F",32,532,12.2,0.528,0.383,0.093,8,12.7,7.4,1.7,1.9,15.9,19.5,0.2,0.6,0.8,0.062,2018
"Cayla George","DAL","C",23,245,11.1,0.515,0.5,0.077,7.2,15.2,10.5,0.4,1.6,14.8,16.6,0.2,0.2,0.4,0.06,2018
"Kaleena Mosqueda-Lewis","SEA","F",33,442,9.4,0.545,0.547,0.081,2.2,6.3,9.3,0.5,0,13,18.1,0.3,0.4,0.7,0.06,2018
"Lindsay Whalen","MIN","G",32,617,11,0.461,0.235,0.235,1.9,8,24.5,1.8,0.4,17.2,17.5,0,1,0.9,0.06,2018
"Diamond DeShields","CHI","G",34,967,15.7,0.54,0.312,0.358,4.7,10.1,12.9,1.9,0.8,13.4,24.1,1.1,0.3,1.4,0.059,2018
"Alex Bentley","TOT","G",35,745,12.4,0.468,0.384,0.142,1.5,3.9,24.8,2.7,0.3,13.9,23.7,0,1.1,1.1,0.059,2018
"Candice Dupree","IND","F",32,1006,16.1,0.52,0.002,0.177,4,11.9,10.4,1.5,0.9,10.4,22.1,0.7,0.8,1.4,0.058,2018
"Angel Robinson","PHO","F-C",24,238,9.7,0.541,0.024,0.476,12.2,18,8.2,1.1,1.9,29.2,13.9,0,0.3,0.3,0.057,2018
"Victoria Vivians","IND","G",34,920,11.3,0.554,0.627,0.112,2,6.7,7.5,1.8,0.5,10.8,15.1,0.8,0.5,1.3,0.057,2018
"Shavonte Zellous","NYL","G",22,531,11.5,0.512,0.201,0.409,1.3,7.5,20,1.3,0.8,13.3,17.3,0.4,0.3,0.8,0.057,2018
"Crystal Langhorne","SEA","F-C",26,362,10.6,0.536,0.038,0.173,5.7,12.3,3.8,1.1,0.9,17.7,17,-0.1,0.6,0.5,0.056,2018
"Kia Vaughn","NYL","C",29,532,12.1,0.549,0,0.204,7.3,12.6,6.3,1.9,1.2,16.3,15.2,0.2,0.5,0.7,0.056,2018
"Layshia Clarendon","TOT","G",33,549,9.5,0.481,0.141,0.373,3.4,6.3,19,1.4,0,18.7,16,0.1,0.7,0.8,0.056,2018
"Mercedes Russell","TOT","C",24,133,9.6,0.498,0,0.412,7.2,14.4,4.5,0.8,1.8,14.8,16,0,0.2,0.2,0.056,2018
"Tierra Ruffin-Pratt","WAS","G",33,598,10.3,0.473,0.311,0.378,4.6,6.7,12.8,1.7,0.8,12,16.7,0.4,0.4,0.8,0.055,2018
"Yvonne Turner","PHO","G",32,426,10.8,0.49,0.568,0.176,2.1,8,15.9,2.5,0.4,12.9,16.7,0.1,0.5,0.6,0.054,2018
"Monique Currie","WAS","F",32,508,11.3,0.522,0.337,0.413,4.2,11.3,8.5,1.3,1,15.8,21.8,0.2,0.5,0.7,0.052,2018
"Aerial Powers","TOT","F-G",24,345,13,0.52,0.361,0.377,5.5,11.3,9.8,1.9,1.4,17.9,22,0.1,0.4,0.5,0.052,2018
"Kayla Alexander","IND","C",30,257,11.8,0.584,0,0.279,8.9,14.7,3.3,0.8,3.3,21.7,15.5,0.1,0.2,0.3,0.048,2018
"Allie Quigley","CHI","G",32,951,15,0.586,0.443,0.16,1.3,4.7,14.9,1.2,0.8,13.6,22.8,1.3,-0.2,1.1,0.046,2018
"Gabby Williams","CHI","F",34,781,13.1,0.482,0.11,0.195,6.6,10.9,11.3,3.6,0.8,12.9,16.8,0.2,0.7,0.9,0.044,2018
"Theresa Plaisance","DAL","F",7,81,13.3,0.502,0.528,0.056,14.5,18.7,10.5,1.2,1.9,17.8,23.8,0,0.1,0.1,0.043,2018
"Epiphanny Prince","NYL","G",16,305,12.5,0.509,0.352,0.197,2.6,4.8,15.4,2.4,0,11.4,22.2,0.2,0.2,0.3,0.042,2018
"Jantel Lavender","LAS","F",30,511,10.4,0.468,0.101,0.126,7.9,13.1,7,1.4,1.2,15.2,18.4,-0.4,0.9,0.5,0.037,2018
"Cecilia Zandalasini","MIN","F",29,478,8,0.519,0.403,0.168,1.5,6.8,10.6,0.9,0.2,16.2,18.1,-0.1,0.6,0.4,0.037,2018
"Stefanie Dolson","CHI","C",27,745,12.4,0.539,0.227,0.14,3.3,9.7,17.5,1,2.4,16.5,17.4,0.5,0.2,0.7,0.036,2018
"Sugar Rodgers","NYL","G",31,608,10.3,0.502,0.719,0.124,3.6,9.6,16.2,1.8,0.4,15.6,17.2,0.1,0.5,0.5,0.035,2018
"Erica McCall","IND","F",34,418,10.3,0.418,0.073,0.174,12.2,12.9,5.1,1.5,3.2,9.3,14.1,0,0.3,0.3,0.03,2018
"Jordin Canada","SEA","G",33,543,11.1,0.446,0.302,0.357,2,5.2,29.3,2.8,0.1,21,22.2,-0.5,0.9,0.4,0.029,2018
"Amanda Zahui B.","NYL","C",29,460,13.3,0.569,0.339,0.211,9.2,11,8.5,1.2,2.3,18.6,23.8,0,0.3,0.3,0.028,2018
"Tanisha Wright","MIN","G",33,586,6.7,0.487,0.361,0.203,2.3,5.4,16.5,1.4,0.6,22.5,14.5,-0.4,0.8,0.4,0.026,2018
"Brittany Boyd","NYL","G",30,613,13.4,0.497,0.16,0.314,1.9,11.1,42.1,3.1,0.4,29.6,20.2,-0.5,0.9,0.4,0.025,2018
"Shatori Walker-Kimbrough","WAS","G",19,168,12.2,0.547,0.411,0.214,2.1,5.3,7.7,2.2,3,19.7,20.8,-0.1,0.2,0.1,0.023,2018
"Lindsay Allen","LVA","G",24,358,9.8,0.443,0.219,0.329,0.9,4.7,27.5,2.1,0,20.1,12.5,0,0.2,0.2,0.02,2018
"Odyssey Sims","LAS","G",34,867,9.3,0.462,0.205,0.295,1.9,5.9,17.3,1.2,0.1,14.7,19.5,-0.6,1,0.4,0.02,2018
"Leilani Mitchell","PHO","G",31,461,9.3,0.492,0.695,0.107,2.7,5.6,23.5,1.6,1,20.8,17.3,-0.1,0.3,0.2,0.019,2018
"Tamera Young","LVA","F",33,881,11.7,0.459,0.041,0.291,4.6,10.6,16.3,1.8,0.6,13.4,20,-0.4,0.8,0.4,0.019,2018
"Adaora Elonu","ATL","",1,1,0,NA,NA,NA,0,0,0,0,0,NA,0,0,0,0,0.017,2018
"Blake Dietrick","ATL","G",26,186,3.8,0.491,0.657,0.171,1.2,4.2,8.7,1.9,0,24.2,11.6,-0.2,0.3,0.1,0.014,2018
"Saniya Chong","DAL","G",5,43,6.3,0.273,0.167,0.5,2.7,5.4,15.7,3.5,0,12,8.3,0,0,0,0.013,2018
"Bria Hartley","NYL","G",34,806,11.1,0.49,0.442,0.245,3.5,7.2,24.9,1.9,0.2,18.8,20.3,-0.2,0.5,0.2,0.012,2018
"Sequoia Holmes","LVA","G",3,20,11.9,0.581,0,0.333,5.6,5.6,14.7,2.5,8.1,36.8,11.7,0,0,0,0.012,2018
"JiSu Park","LVA","C",32,417,8.6,0.415,0.02,0.214,7.2,14.2,10.5,1.2,3.9,17.7,13.4,-0.4,0.5,0.1,0.012,2018
"Rebecca Allen","NYL","G",28,291,9.9,0.478,0.376,0.248,5.1,9.6,4.6,1.6,3.3,12.5,19.9,-0.2,0.3,0.1,0.011,2018
"Erica Wheeler","IND","G",34,737,12.8,0.432,0.27,0.209,2.9,7.9,33.2,2,0.7,13.5,22,-0.3,0.5,0.1,0.008,2018
"Tiffany Mitchell","IND","G",34,871,11.2,0.465,0.206,0.313,3.1,7,15.3,1.8,0.8,12.9,19.8,-0.3,0.4,0.1,0.006,2018
"Linnae Harper","CHI","G",24,146,10.8,0.467,0.277,0.213,3.3,7.2,25.9,1.7,0.5,16.3,18.8,0,0,0,0.002,2018
"Kahleah Copper","CHI","G-F",33,524,10.8,0.514,0.314,0.275,4,8.1,6.3,1,0.9,12.3,22.2,0,-0.1,0,-0.001,2018
"Camille Little","PHO","F",33,536,5,0.431,0.31,0.31,3.8,6.7,10.9,1.7,1.4,20.3,12.2,-0.5,0.4,0,-0.002,2018
"Cappie Pondexter","TOT","G",30,545,10.7,0.453,0.135,0.202,1.4,5.9,17.8,1.4,0,10,22.7,-0.3,0.3,0,-0.003,2018
"Moriah Jefferson","LVA","G",16,251,9.5,0.447,0.172,0.241,2.2,4.6,20.9,2,0,14.3,19.2,-0.2,0.1,0,-0.004,2018
"Leticia Romero","DAL","G",21,146,5,0.531,0.313,0.938,6.4,6.8,21.6,0.3,0,39.9,11.1,0,0,0,-0.007,2018
"Kelsey Bone","LVA","C",32,344,6.7,0.506,0,0.225,6.2,11.3,16.7,0.4,0.5,25.4,14.7,-0.3,0.2,-0.1,-0.01,2018
"Jaime Nared","LVA","G-F",31,283,6.9,0.428,0.388,0.35,3.9,9,7.1,2.3,0.6,15.6,16.6,-0.4,0.3,-0.1,-0.014,2018
"Marissa Coleman","NYL","G-F",21,384,7.3,0.417,0.374,0.052,3.9,7.6,9.1,1.3,1.1,10,15.4,-0.4,0.2,-0.2,-0.018,2018
"Alexis Jones","MIN","G",26,229,6.2,0.455,0.549,0.088,2.6,6,12.7,0.7,0.7,15.2,22.1,-0.4,0.3,-0.1,-0.018,2018
"Endy Miyem","MIN","F",20,101,4.8,0.361,0.27,0.027,5.9,7.2,9.3,1,1.7,7.4,18.1,-0.2,0.1,0,-0.018,2018
"Krystal Thomas","WAS","C",24,237,3.7,0.459,0,0.262,11,14.9,2.5,0.9,0.7,28.9,12.8,-0.3,0.2,-0.1,-0.02,2018
"Kelsey Mitchell","IND","G",34,829,11.7,0.477,0.51,0.237,1.2,4.2,20.6,1.4,0.4,12.7,28.4,-0.6,0.2,-0.5,-0.022,2018
"Lexie Brown","CON","G",22,124,5.6,0.393,0.659,0.159,0.9,8,13,2.4,0.7,17.5,19.9,-0.3,0.2,-0.1,-0.024,2018
"Amber Harris","CHI","F",1,2,-9.3,NA,NA,NA,0,0,0,0,0,NA,0,0,0,0,-0.039,2018
"Alex Montgomery","CHI","G-F",19,122,3.6,0.361,0.158,0.211,6,8.6,10.2,0.8,0.6,19.4,9.4,-0.1,0,-0.1,-0.039,2018
"Marie Gulich","PHO","C",23,115,6,0.523,0,0.276,9.9,11.4,2.8,0.4,4,28.6,18.2,-0.2,0.1,-0.1,-0.041,2018
"Kaela Davis","DAL","G",27,453,4.4,0.419,0.285,0.271,3.4,7.1,12.5,1,0.2,17.8,18.6,-0.8,0.2,-0.6,-0.053,2018
"Chelsea Hopkins","CHI","G",4,58,5.8,0.543,0,0.167,0,13.1,19.3,1.7,0,52.1,10.3,-0.1,0,-0.1,-0.061,2018
"Noelle Quinn","SEA","G",20,181,1.8,0.349,0.395,0,1.3,5.4,9.9,0.3,0.9,18.9,13.3,-0.4,0.2,-0.3,-0.061,2018
"Jamierra Faulkner","CHI","G",17,360,8.4,0.446,0.47,0.179,1.7,3.9,29.2,1.1,0.4,19.5,22.2,-0.5,-0.1,-0.6,-0.067,2018
"Tayler Hill","TOT","G",20,235,4.9,0.41,0.536,0.167,1.5,3.8,12.8,0.7,0.7,15.9,20.3,-0.4,0,-0.4,-0.069,2018
"Nia Coffey","LVA","F",28,386,6.2,0.443,0.036,0.496,6.1,9.5,6.8,1.2,1.3,18.5,22.8,-1,0.3,-0.7,-0.073,2018
"Teana Muldrow","TOT","F",4,9,-5,0,1,0,0,6.4,0,0,0,0,5,0,0,0,-0.095,2018
"Devereaux Peters","PHO","F",5,38,1.3,0.333,0.167,0,6.7,12.6,8.2,0,0,14.3,16.9,-0.1,0,-0.1,-0.096,2018
"Asia Taylor","IND","G",14,116,4.3,0.394,0.172,0.31,8.4,12.5,8.2,1.3,0,25,17.2,-0.3,0.1,-0.3,-0.096,2018
"Lynetta Kizer","MIN","F",14,78,2.3,0.294,0.091,0.303,9.2,16.2,15.6,1.3,0,11.8,24.6,-0.3,0.1,-0.2,-0.107,2018
"Sydney Wiese","LAS","G",11,36,-5.7,0,1,0,0,5,7.4,0,0,20,6.6,-0.1,0,-0.1,-0.115,2018
"Breanna Lewis","DAL","C",6,26,-1.1,0.335,0,0.1,13.5,15.6,0,0,3,22.3,22.2,-0.1,0,-0.1,-0.165,2018
"Raigyne Louis","LVA","",2,21,2,0.475,0.2,0.6,5.3,10.6,7,2.4,0,38.8,21.1,-0.1,0,-0.1,-0.165,2018
"Sydney Colson","MIN","G",2,17,6.3,0.444,0.286,0.286,7.1,7.1,40.4,0,5,33.7,31.7,-0.1,0,-0.1,-0.167,2018
"Jazmon Gwathmey","IND","G",10,116,-0.1,0.276,0.282,0.256,1.9,8.5,12.2,1.3,1.4,13.9,19.7,-0.6,0.1,-0.5,-0.181,2018
"Hind Ben Abdelkader","IND","G",14,142,-0.6,0.312,0.674,0.186,0.8,5.7,11.8,1.5,0.6,21.8,19.1,-0.7,0.1,-0.7,-0.188,2018
"Maggie Lucas","TOT","G",8,56,-9.9,0.094,0.813,0,2,3,0,2.7,0,27.3,17,-0.5,0.1,-0.4,-0.321,2018
"Shoni Schimmel","LVA","G",2,13,-14.5,0,0.8,0,0,8.5,9.9,0,0,16.7,19.8,-0.2,0,-0.2,-0.462,2018
"Imani Wright","PHO","",1,1,-40.6,0,1,0,0,0,0,0,0,0,45.9,0,0,0,-1.127,2018
"Natalie Achonwa","IND","F",30,636,19.3,0.562,0.059,0.325,9,14.2,13.4,1.5,2.6,11.1,18.5,2.1,0.6,2.7,0.173,2019
"Kayla Alexander","CHI","C",3,20,20.9,0.781,0,1,11.9,19.6,7.9,0,0,14.8,14.7,0.1,0,0.1,0.264,2019
"Rebecca Allen","NYL","G",24,412,13.5,0.527,0.436,0.103,3.3,8.4,7.4,1.5,3.6,9.4,19.1,0.5,0.2,0.6,0.059,2019
"Jillian Alleyne","MIN","",5,14,16,0.333,0,0,17.7,21.9,11.6,0,6.2,0,19.2,0,0,0,0.087,2019
"Ariel Atkins","WAS","G",33,804,17,0.532,0.483,0.179,3.7,7,12.2,3.1,1.8,9.6,20,1.9,1.1,3,0.15,2019
"Seimone Augustus","MIN","G-F",12,156,3.4,0.342,0.188,0.063,1.6,2.8,15.3,1.6,0.6,15.4,22.4,-0.5,0.1,-0.4,-0.104,2019
"Rachel Banham","CON","G",29,353,4.7,0.435,0.626,0.113,0.3,4.9,11.4,1.2,0.5,17.7,18,-0.5,0.3,-0.2,-0.024,2019
"Alana Beard","LAS","G-F",16,235,10.3,0.491,0.102,0.184,1,5.8,14.8,2.6,1.1,14.5,11.7,0.2,0.4,0.5,0.087,2019
"Kenisha Bell","MIN","G",3,11,-5.9,0,1,0,0,5.6,12,0,0,50,8.2,-0.1,0,0,-0.162,2019
"Alex Bentley","ATL","G",29,634,8.8,0.384,0.421,0.108,1.6,4.5,28.1,1.7,1.1,11.5,26.7,-1.4,0.4,-1,-0.063,2019
"Tiffany Bias","NYL","G",12,105,2.9,0.37,0.679,0.25,0,3.3,16.1,1.4,0,20.5,16.3,-0.2,0,-0.3,-0.109,2019
"Monique Billings","ATL","F",29,553,11.7,0.469,0.007,0.417,11.5,19.3,5.4,1.6,1.7,21.3,17.3,-0.3,1,0.7,0.049,2019
"DeWanna Bonner","PHO","F-G",34,1120,20.6,0.507,0.379,0.331,3.6,13.4,16.2,2.1,1.5,8.4,26.7,2.2,1.8,4,0.144,2019
"Brittany Boyd","NYL","G",33,649,13,0.449,0.128,0.189,4.7,10.6,38.2,3.6,0.5,29.4,18.6,-0.6,0.6,0,0.002,2019
"Imani McGee-Stafford","DAL","C",29,346,14.8,0.486,0.037,0.128,14.3,19,10.4,2.7,4.5,22.8,19.9,-0.2,0.6,0.4,0.047,2019
"Jessica Breland","ATL","F",33,767,15.2,0.425,0.138,0.12,5.7,16.6,14.2,2.8,3.6,11.6,18.9,-0.4,1.9,1.5,0.076,2019
"Kalani Brown","LAS","C",28,377,15.9,0.54,0.009,0.407,10.3,14.8,7.4,1.2,4.9,17.9,19.2,0.5,0.7,1.2,0.128,2019
"Lexie Brown","MIN","G",33,605,13.4,0.554,0.646,0.182,1.4,4.6,12.6,2.6,0.1,15.4,19.8,0.8,0.8,1.6,0.105,2019
"Kennedy Burke","IND","G",31,423,11.9,0.495,0.342,0.376,5.1,6.1,8.5,2.2,1.9,13.3,16.8,0.3,0.2,0.6,0.053,2019
"Liz Cambage","LVA","C",32,807,24.3,0.558,0.031,0.398,8.7,17.6,16.8,1.2,5.2,13.6,28.1,2.2,2,4.1,0.204,2019
"Jordin Canada","SEA","G",30,865,14.7,0.454,0.149,0.284,1.8,5,31.7,4.1,0.7,19.6,21.3,-0.1,1.4,1.3,0.061,2019
"Essence Carson","PHO","G",23,425,11.5,0.461,0.32,0.289,3.1,6.9,14.4,1.5,1.5,10.5,18,0.1,0.3,0.4,0.042,2019
"Arica Carter","PHO","",6,24,-8.3,0.2,0.8,0,0,0,6.6,2.2,0,28.6,13.8,-0.1,0,-0.1,-0.229,2019
"Maite Cazorla","ATL","G",31,477,6.4,0.444,0.591,0.258,0.4,2.3,17.8,1.9,0.2,21.9,12.3,-0.4,0.2,-0.2,-0.014,2019
"Tina Charles","NYL","C",33,1028,14.8,0.448,0.104,0.235,7.1,13.8,15,1.1,2.3,12,30.2,-0.6,0.5,-0.1,-0.005,2019
"Karima Christmas-Kelly","MIN","F-G",6,72,6.4,0.396,0.611,0.278,1.7,4.3,12.1,3.6,1.2,16.5,15.1,-0.1,0.1,0,0.024,2019
"Layshia Clarendon","CON","G",9,138,17.3,0.536,0.047,0.488,5.5,9.1,22.2,1.1,0,13.3,18.9,0.4,0.1,0.6,0.16,2019
"Alysha Clark","SEA","F",31,881,16.3,0.602,0.447,0.093,4.9,10.1,15.8,2,1.7,16.3,15.3,2,1.1,3.1,0.141,2019
"Natasha Cloud","WAS","G",34,1093,12.2,0.501,0.495,0.215,0.7,4.7,24.1,1.7,0.5,17.5,15.5,1.7,0.8,2.5,0.09,2019
"Nia Coffey","ATL","F",28,389,10.1,0.441,0.417,0.302,6.2,10.6,6,1.9,2.7,11.8,20.3,-0.3,0.5,0.2,0.02,2019
"Napheesa Collier","MIN","F",34,1131,18.5,0.576,0.243,0.296,6.6,12.1,12.6,3,2.5,14.4,17.9,2.8,2.4,5.2,0.185,2019
"Sydney Colson","LVA","G",33,379,13.5,0.558,0.238,0.393,0.6,3.3,24.1,4,0.9,22.1,14.3,0.4,0.8,1.2,0.126,2019
"Kahleah Copper","CHI","G-F",34,502,9.7,0.483,0.24,0.343,2.8,7.1,9.6,1.4,0.4,15.5,24.1,-0.3,0.3,0,0.003,2019
"Sophie Cunningham","PHO","G",32,389,8.1,0.532,0.582,0.43,1.8,6.7,10.6,1.5,0.8,17.6,13.9,0.2,0.3,0.5,0.053,2019
"Damiris Dantas","MIN","F",26,667,14.8,0.55,0.519,0.126,5.2,10.7,20.2,1.5,2,17.1,17.7,1.2,1,2.2,0.133,2019
"Kaela Davis","DAL","G",33,634,4.6,0.401,0.221,0.143,2.8,6.8,20.6,1.5,0.8,22.9,23.2,-1.9,0.2,-1.8,-0.111,2019
"Elena Delle Donne","WAS","F-G",31,901,31.8,0.633,0.283,0.274,6.6,17.2,13.2,1.1,3.6,5.9,25.7,6.2,1.5,7.7,0.343,2019
"Diamond DeShields","CHI","G",34,1027,16.2,0.508,0.328,0.291,3.4,10.2,13.4,2.1,1,12,26.1,1.2,1.2,2.4,0.094,2019
"Blake Dietrick","SEA","G",17,106,0.7,0.237,0.6,0.6,1.1,5.8,22,1.5,1.6,44.2,9.8,-0.3,0.1,-0.2,-0.081,2019
"Stefanie Dolson","CHI","C",34,850,14.8,0.621,0.356,0.21,5.7,12.4,13.8,1.2,2.9,20.6,16.4,1.6,1.1,2.7,0.126,2019
"Candice Dupree","IND","F",34,1043,14.5,0.502,0.008,0.152,2.7,9.4,14.9,0.8,1.5,11.7,19.3,1.2,0.5,1.6,0.062,2019
"Asia Durr","NYL","G",18,480,11.3,0.541,0.336,0.145,1.2,3.4,11.3,1,1.2,11.5,16.6,0.5,-0.2,0.4,0.03,2019
"Temi Fagbenle","MIN","F",18,271,10,0.551,0.074,0.222,10.1,11.8,9.2,1.1,1.9,26.5,20,-0.1,0.4,0.2,0.034,2019
"Jamierra Faulkner","CHI","G",13,72,5.6,0.395,0.5,0.444,3.3,3.1,21.9,1.4,0,18.9,16,-0.1,0,0,-0.026,2019
"Sylvia Fowles","MIN","C",34,1003,22.2,0.613,0,0.296,11.4,18.5,9.1,1.6,4.1,15.2,20,3.1,2.2,5.3,0.211,2019
"Allisha Gray","DAL","G",34,1035,16.5,0.593,0.336,0.438,4.9,8.1,14.1,2.2,1.2,13.8,15.8,3.1,0.5,3.6,0.14,2019
"Chelsea Gray","LAS","G",34,1108,15.8,0.509,0.29,0.159,1.4,6.6,31.1,1.5,0.2,18.3,23.8,1.1,1.2,2.4,0.085,2019
"Reshanda Gray","NYL","F",34,519,11.1,0.502,0.013,0.413,13.5,19.3,6,1.6,1.1,19.2,18.5,0.1,0.4,0.5,0.037,2019
"Brittney Griner","PHO","C",31,1018,26.4,0.601,0.006,0.261,6,12.6,17.9,1.1,4.8,12.5,28.4,3.6,1.5,5,0.198,2019
"Marie Gulich","ATL","C",31,349,8.8,0.433,0.231,0.204,10.5,12.9,10.3,0.7,5.5,21.4,19,-0.5,0.4,-0.1,-0.015,2019
"Megan Gustafson","DAL","C",25,238,15.1,0.572,0.164,0.364,9.4,15.7,5.5,0.9,2.2,13.6,14.3,0.6,0.2,0.7,0.124,2019
"Dearica Hamby","LVA","F",34,842,18.9,0.558,0.183,0.356,10.1,16.6,13.4,1.9,1.2,15.4,20.2,1.8,1.8,3.6,0.169,2019
"Isabelle Harrison","DAL","F",31,794,15.6,0.495,0.025,0.278,10.2,13.5,10.4,2.4,2.8,15.1,18.5,0.8,0.8,1.6,0.081,2019
"Bria Hartley","NYL","G",24,545,12.9,0.492,0.348,0.314,3.7,8,24.3,1.7,0.2,17.3,23.2,0.2,0,0.3,0.019,2019
"Tianna Hawkins","WAS","F",31,477,23.5,0.623,0.414,0.182,12.2,16.5,8.3,1.5,0.7,12.8,26.1,2.1,0.6,2.7,0.229,2019
"Tiffany Hayes","ATL","G",29,817,15.1,0.497,0.313,0.34,2.7,5.7,21.9,1.8,0.8,14,27.1,0.5,0.6,1,0.05,2019
"Natisha Hiedeman","CON","G",20,205,15.9,0.532,0.483,0.414,3.7,8.4,29.2,2,0.9,15.9,17.2,0.5,0.3,0.8,0.153,2019
"Tayler Hill","DAL","G",4,49,9.9,0.428,0.462,0.385,4.6,6.1,10.8,1.1,0,0,14.3,0.1,0,0.1,0.064,2019
"Myisha Hines-Allen","WAS","F",27,211,12.6,0.424,0.232,0.174,14.7,16.7,16.3,2.2,4.3,22,20.6,-0.1,0.4,0.3,0.062,2019
"Bria Holmes","CON","G",34,529,11.3,0.487,0.326,0.301,2.1,5.3,9.7,1.5,1.2,12.1,20.4,0.3,0.5,0.8,0.059,2019
"Anriel Howard","SEA","",3,20,4,0.5,0.4,0,11.7,9.2,0,2.6,0,28.6,16,0,0,0,-0.028,2019
"Natasha Howard","SEA","F",34,1066,24.2,0.523,0.201,0.306,10.1,16.1,14,3.7,4.8,14.4,29.4,2,2.6,4.6,0.173,2019
"Chloe Jackson","CHI","G",8,32,2.4,0.215,0,0.667,11.1,10.5,17.4,7.7,0,34,24,-0.3,0.1,-0.2,-0.245,2019
"Briann January","PHO","G",32,852,8.8,0.52,0.451,0.236,0.8,2.8,20.3,1.6,0.3,21.2,14.2,0.3,0.3,0.5,0.025,2019
"Marine Johannes","NYL","",19,345,14.6,0.575,0.6,0.173,2.9,5.6,23,1.2,0.7,15.7,17.8,0.8,-0.1,0.7,0.077,2019
"Glory Johnson","DAL","F",28,676,13.9,0.456,0.481,0.112,4.5,12.6,10.9,3.1,2.3,11.1,17.3,0.2,1,1.2,0.069,2019
"Shenise Johnson","IND","G",17,219,12.8,0.428,0.367,0.178,6,9.2,14.1,2.9,0.7,11,22.5,0,0.2,0.2,0.031,2019
"Alexis Jones","LAS","G",20,243,9,0.516,0.471,0.214,0.9,5.2,23.1,1.3,1.4,26.1,19,-0.1,0.2,0.1,0.021,2019
"Brionna Jones","CON","F",27,227,16.4,0.517,0.013,0.48,17.7,14.9,6.6,2,2.7,17.3,21,0.4,0.3,0.7,0.124,2019
"Jonquel Jones","CON","F",34,980,24.3,0.56,0.36,0.342,12.5,19.3,9.2,2.2,6.1,12.9,22.6,3.3,2.4,5.6,0.23,2019
"Paris Kea","IND","G",11,60,10.2,0.504,0.333,0.148,2,4.8,18.7,0.9,2.7,23.8,28.4,-0.1,0,-0.1,-0.082,2019
"Betnijah Laney","IND","G-F",34,877,8.7,0.424,0.31,0.146,4.3,9.4,10.7,2.9,0.4,17.8,14.2,-0.8,0.9,0.1,0.004,2019
"Crystal Langhorne","SEA","F-C",34,577,10.9,0.502,0.333,0.257,5.5,11.3,10,0.9,1.3,18.4,18.5,0,0.6,0.6,0.039,2019
"Jantel Lavender","CHI","F",23,619,14.1,0.527,0.129,0.1,8.8,14.3,6.8,0.6,1.5,12.7,17.7,0.8,0.6,1.3,0.085,2019
"Camille Little","PHO","F",29,425,9.6,0.53,0.228,0.337,5.3,9.4,9.3,1.4,1.5,19.1,14.6,0.2,0.4,0.6,0.054,2019
"Jewell Loyd","SEA","G",27,686,15.6,0.504,0.338,0.231,1.9,6.6,15,2.7,0.4,13.6,25.4,0.5,0.8,1.3,0.078,2019
"Sancho Lyttle","PHO","F",20,250,9.3,0.443,0.065,0.129,6.7,13.4,4.2,2.5,1.6,15.5,14.7,-0.2,0.4,0.2,0.03,2019
"Marina Mabrey","LAS","G",31,355,10.9,0.453,0.588,0.122,1.9,6.1,13.4,2.7,1.7,14.8,20.3,-0.3,0.6,0.3,0.035,2019
"Victoria Macaulay","CHI","C",5,22,14.5,0.51,0,0.4,5.4,10.2,0,4.5,3.3,0,11.6,0,0,0.1,0.169,2019
"Stephanie Mavunga","IND","F",24,204,12.9,0.551,0.021,0.362,12.3,15.8,3.3,1.5,2.8,15.5,14.3,0.3,0.2,0.6,0.111,2019
"Kayla McBride","LVA","G",34,990,16.7,0.566,0.405,0.268,2.5,7.8,15,2,0.2,12.8,19.9,2.2,1.5,3.7,0.149,2019
"Erica McCall","IND","F",15,104,6.7,0.274,0,0.364,12.6,15,8.4,0.5,4.7,10.5,12.4,-0.1,0.1,0,-0.008,2019
"Brooke McCarty-Williams","DAL","G",34,447,7.5,0.425,0.556,0.133,2.5,6,24.3,1.9,0.2,23.3,12.8,-0.1,0.1,0,-0.001,2019
"Angel McCoughtry","ATL","F-G",1,0,NA,NA,NA,NA,NA,NA,NA,NA,NA,NA,NA,0,0,0,NA,2019
"Teaira McCowan","IND","C",34,752,22.5,0.576,0,0.652,17.1,23.4,1.9,1.4,4.8,12.9,20.4,2.6,1.3,3.9,0.208,2019
"Emma Meesseman","WAS","F",23,543,27.3,0.628,0.204,0.19,6.2,10.9,22.7,1.9,2.3,8.4,22,3.3,0.7,4,0.292,2019
"Kim Mestdagh","WAS","G",15,71,8.8,0.583,0.833,0.111,1.7,3.4,11.8,1.5,0,24.1,16,0,0,0.1,0.039,2019
"Kelsey Mitchell","IND","G",34,852,15.1,0.506,0.488,0.141,0.6,3.8,20.2,0.9,0.4,11,27.3,1.2,-0.1,1.1,0.052,2019
"Leilani Mitchell","PHO","G",32,971,17.6,0.603,0.566,0.27,2,5.7,24.4,1.6,0.8,14.6,19.5,2.8,0.6,3.5,0.142,2019
"Tiffany Mitchell","IND","G",33,831,11.2,0.491,0.241,0.325,3.2,6.6,14.5,1.2,0.3,14.4,20.8,0.6,0.1,0.8,0.037,2019
"Renee Montgomery","ATL","G",34,949,11,0.52,0.727,0.176,1,4.1,18,1.7,0.5,17,17.5,0.4,0.5,0.9,0.037,2019
"Kaleena Mosqueda-Lewis","SEA","F",31,435,8.3,0.508,0.503,0.086,2.4,5.1,6.7,1,1,17.5,21.6,-0.3,0.2,-0.1,-0.007,2019
"Jaime Nared","LVA","G-F",1,1,-19.9,NA,NA,NA,0,0,0,0,0,NA,0,0,0,0,0.017,2019
"Astou Ndour","CHI","C-F",21,368,16.5,0.568,0.28,0.153,9.7,13.4,6.1,1.3,2.8,10,16.6,0.9,0.4,1.3,0.141,2019
"Kia Nurse","NYL","G",34,1001,14.7,0.554,0.51,0.368,2.1,4.8,13.5,1.3,0.3,11.8,20.8,2.3,-0.3,1.9,0.078,2019
"Arike Ogunbowale","DAL","G",33,1059,18.3,0.501,0.294,0.323,2.1,4.5,22.5,1.8,0.1,9.8,30.4,2.6,0.1,2.7,0.101,2019
"Chiney Ogwumike","LAS","F-C",32,697,18.4,0.541,0.016,0.269,13.3,15,6.2,2.4,2.8,12.9,20.8,1.6,1.4,3,0.171,2019
"Nneka Ogwumike","LAS","F",32,892,25.7,0.575,0.167,0.229,9.3,18,12.4,3.4,1.4,11.5,25.2,3.1,2.4,5.5,0.248,2019
"Courtney Paris","SEA","C",30,190,8.4,0.415,0,0.467,8,16.8,10.3,2.2,1.4,33.2,6.5,0,0.3,0.3,0.065,2019
"Candace Parker","LAS","F-C",22,571,18,0.514,0.284,0.318,4.8,14,22.2,2.1,2.5,18.3,23,0.5,1.2,1.8,0.124,2019
"Cheyenne Parker","CHI","F",34,670,18.7,0.544,0.077,0.408,11,16.4,7.2,1.8,4.6,14.1,20.8,1.4,1.2,2.6,0.157,2019
"JiSu Park","LVA","C",25,163,1.4,0.244,0.027,0.243,6.9,9,8.8,1.5,2,14.6,12.6,-0.5,0.2,-0.2,-0.052,2019
"Shey Peddy","WAS","G",15,71,20.2,0.831,0.615,0.462,1.7,7.7,16,2.9,0,16.1,12,0.4,0.1,0.5,0.266,2019
"Haley Peters","ATL","F",4,26,-10.8,0.127,0,0.286,4,4.1,6,2,3.1,33.7,20.2,-0.3,0,-0.2,-0.384,2019
"Kelsey Plum","LVA","G",34,868,10,0.472,0.427,0.133,1.9,6.1,18.9,1.5,0.4,14.6,18,0.1,1.1,1.2,0.056,2019
"Aerial Powers","WAS","F-G",30,593,21.8,0.587,0.466,0.394,7.1,10,12,2.2,0.8,13.1,25.9,2.4,0.7,3,0.204,2019
"Epiphanny Prince","LVA","G",3,28,20,0.65,0.7,0,4,3.9,18.9,1.8,2.9,0,15.3,0.1,0,0.2,0.258,2019
"LaToya Sanders","WAS","F-C",34,804,16.3,0.55,0,0.215,6.8,14.1,11.6,1.9,4.8,13.7,12.4,1.9,1.5,3.4,0.167,2019
"Allie Quigley","CHI","G",34,972,17.8,0.632,0.522,0.156,1.6,5.8,14.5,1.4,0.5,11,18.7,3.2,0.5,3.7,0.154,2019
"Nayo Raincock-Ekunwe","NYL","F",28,367,11.3,0.572,0.038,0.316,12,11.9,5.4,1.1,0.9,19.6,13.3,0.5,0,0.4,0.047,2019
"Danielle Robinson","MIN","G",34,919,14.3,0.497,0.13,0.209,3,7.9,22.4,2.4,0.7,16.9,20.3,0.8,1.4,2.3,0.098,2019
"Sugar Rodgers","LVA","G",33,382,9.5,0.499,0.757,0.045,1.2,6.8,16,1.7,2.6,19.3,15.8,-0.1,0.6,0.5,0.053,2019
"Tierra Ruffin-Pratt","LAS","G",34,856,8.6,0.477,0.372,0.209,2.7,5.5,9.9,1.5,2,11.9,12.6,0.5,0.9,1.5,0.069,2019
"Mercedes Russell","SEA","C",34,870,15.5,0.546,0,0.319,10.9,14.6,7,2.2,1.7,12.4,14,1.8,1.3,3.1,0.143,2019
"Katie Lou Samuelson","CHI","F",20,153,10.3,0.513,0.763,0.526,3.1,6.2,6.5,1.9,1,9.7,14.7,0.2,0.1,0.3,0.089,2019
"Jessica Shepard","MIN","F",6,112,11.2,0.446,0.241,0.276,10,18.6,28.5,0.9,0.8,31.6,19,-0.1,0.2,0.1,0.024,2019
"Odyssey Sims","MIN","G",34,1083,15,0.488,0.204,0.246,2.7,6.5,29.3,2.2,0.3,18.2,25.5,0.7,1.4,2.1,0.078,2019
"Alanna Smith","PHO","F",18,134,1.1,0.227,0.439,0.049,9.8,15,4.8,2,2.9,16,17.7,-0.7,0.2,-0.5,-0.138,2019
"Azura Stevens","DAL","F-C",9,144,11.8,0.389,0.17,0.094,11.7,13.2,6.7,1.9,6.1,14,20.6,-0.2,0.2,-0.1,-0.015,2019
"Shekinna Stricklen","CON","F",34,804,12.9,0.573,0.78,0.106,1.2,4.6,7.8,2.2,0.8,9.5,15.9,1.7,0.9,2.6,0.129,2019
"Carolyn Swords","LVA","C",29,257,9.5,0.476,0,0.178,8.3,13.4,6.3,1.3,1,17.8,16,-0.1,0.4,0.4,0.055,2019
"Brittney Sykes","ATL","G",34,880,11.3,0.445,0.308,0.259,3,9.1,19.6,1.2,1.5,14.8,23.1,-0.8,0.8,0,-0.001,2019
"Stephanie Talbot","MIN","F-G",33,561,11.4,0.513,0.617,0.201,4,8.7,11.2,2.8,1.4,20,16.8,0.1,1,1.1,0.077,2019
"Diana Taurasi","PHO","G",6,129,3.7,0.277,0.615,0.462,0.9,8.5,38.4,0.8,0.6,21.7,22,-0.5,0.1,-0.4,-0.137,2019
"Alyssa Thomas","CON","F",34,1026,18.3,0.513,0.003,0.363,8.8,14.7,17.2,3.3,1.1,15.2,19.2,1.7,2.1,3.7,0.145,2019
"Jasmine Thomas","CON","G",34,1009,13.9,0.491,0.346,0.197,2,5.5,28.3,2.4,0.4,19.4,20.6,0.8,1.2,2,0.078,2019
"Kayla Thornton","DAL","F",27,822,11.5,0.445,0.356,0.201,6.7,10.3,11.1,1.6,0.9,12.3,20.2,0.2,0.4,0.6,0.027,2019
"Shao Ting","MIN","F",5,27,-1.6,0.265,0,0.3,9.2,13.7,10.9,0,3.2,15,22.1,-0.1,0,-0.1,-0.134,2019
"Kristi Toliver","WAS","G",23,678,20.9,0.595,0.426,0.149,2,6,31.3,2.1,0.2,15.8,20,2.7,0.6,3.3,0.196,2019
"Morgan Tuck","CON","F",33,352,10,0.476,0.362,0.259,5.6,10.7,12.8,1.9,0.8,18.8,19.6,-0.1,0.5,0.3,0.039,2019
"Brianna Turner","PHO","F",29,462,14,0.571,0,0.286,11.6,15,5.7,0.8,3.6,15.6,12.5,0.9,0.5,1.4,0.125,2019
"Yvonne Turner","PHO","G",29,595,9.1,0.483,0.459,0.285,1.6,7.7,19.5,1.6,0.3,23.4,20.1,-0.7,0.5,-0.3,-0.017,2019
"Maria Vadeeva","LAS","C",15,180,24.8,0.533,0.154,0.125,11.4,18.3,11.8,4.2,1.4,14.1,31.6,0.2,0.5,0.7,0.159,2019
"Courtney Vandersloot","CHI","G",33,991,20.5,0.552,0.358,0.268,2.4,8.1,47,2.2,1.1,22.3,18.9,3,1.1,4.1,0.166,2019
"Ashley Walker","LAS","F-C",3,22,-6.1,0.091,0.455,0,10.4,7.8,19.2,2.3,0,0,22.3,-0.2,0,-0.1,-0.264,2019
"Shatori Walker-Kimbrough","WAS","G",34,580,15.2,0.564,0.403,0.324,3.6,5.6,10.6,2.5,1.1,14.5,18.5,1.3,0.6,1.9,0.13,2019
"Avery Warley-Talbert","NYL","C",3,35,-4.1,0.255,0,0.4,9.7,11.4,0,0,4.7,40.5,12.3,-0.2,0,-0.2,-0.191,2019
"Erica Wheeler","IND","G",34,850,15.8,0.538,0.419,0.158,0.7,6.9,35.3,2.5,0.5,23.3,22.1,0.7,0.7,1.4,0.065,2019
"Sami Whitcomb","SEA","G",33,674,12.8,0.52,0.821,0.049,2.9,5.2,20.2,2.8,0.5,18.5,19,0.4,0.7,1.2,0.07,2019
"Sydney Wiese","LAS","G",32,659,8.5,0.521,0.65,0.063,0.9,3.6,12.9,1.2,1,17.9,12.1,0.3,0.5,0.8,0.048,2019
"Courtney Williams","CON","G",34,988,19,0.486,0.081,0.174,5.3,11,23.2,2.4,1.2,10.8,22.8,2,1.5,3.5,0.143,2019
"Elizabeth Williams","ATL","C-F",32,909,16.7,0.521,0,0.477,11.4,12.1,7.8,1.4,4.7,12.6,15.8,1.7,1,2.7,0.119,2019
"Gabby Williams","CHI","F",33,527,10.4,0.468,0.227,0.221,3.2,7.6,20.2,2.1,1,21.7,21,-0.5,0.5,0,-0.001,2019
"Riquna Williams","LAS","G",23,593,15.4,0.538,0.57,0.207,2.5,5.8,10.4,2.2,0.6,9.6,21.9,1.2,0.7,2,0.132,2019
"A'ja Wilson","LVA","F",26,740,21,0.547,0.003,0.436,6.5,12.4,12,0.9,5,12.5,26.1,1.7,1.4,3.1,0.168,2019
"Tanisha Wright","NYL","G",31,613,12.7,0.512,0.292,0.238,3.9,8,32.6,2.6,1.2,28.4,14.3,0.4,0.3,0.6,0.041,2019
"Han Xu","NYL","C",18,143,10.6,0.459,0.172,0.034,1.6,6,2.5,1.1,2.3,3.3,18.6,0,0,0,-0.006,2019
"Jackie Young","LVA","G",34,767,12.4,0.42,0.186,0.309,3.4,7.9,30.9,1.7,1.3,16.5,18,0.1,1.2,1.3,0.067,2019
"Tamera Young","LVA","F",34,628,9.5,0.437,0.089,0.341,6.2,10.8,16.8,1.8,0.5,18.9,17.4,-0.4,1,0.6,0.038,2019
"Amanda Zahui B.","NYL","C",24,558,15.8,0.56,0.399,0.156,5.3,15.5,6.6,2.3,4.9,14.8,17,0.6,0.8,1.4,0.098,2019
"Shavonte Zellous","SEA","G",31,432,7.8,0.464,0.276,0.345,1.6,6.8,17.5,1.2,1.2,20.8,17.8,-0.3,0.4,0.1,0.006,2019
"Kristine Anigwe","TOT","F-C",27,250,8.5,0.402,0,0.471,12.4,15.4,4,1.9,2.8,17.2,17.7,-0.2,0.3,0.1,0.012,2019
"Bridget Carleton","TOT","G",8,40,-2.8,0.188,0.5,0,2.7,5.8,3.3,0,0,11.1,9.8,-0.1,0,-0.1,-0.119,2019
"Alaina Coates","TOT","C",23,167,16.5,0.553,0,0.467,14.7,20.7,2.2,1.5,5.5,14.2,16.9,0.3,0.4,0.7,0.165,2019
"Theresa Plaisance","TOT","F",31,442,12.9,0.489,0.5,0.178,6.1,15.1,14.6,1.1,3.8,16.5,19.5,0.2,0.5,0.7,0.067,2019
"Karlie Samuelson","TOT","G",7,84,4,0.321,0.857,0,1.3,2.8,8.8,1.9,1,0,7.6,0,0,0,0.012,2019
"Asia Taylor","TOT","G",12,96,8.5,0.412,0.071,0.286,10.2,13.2,13.6,1.1,0.9,18.2,18.2,-0.1,0.1,0,0.008,2019
"Kristine Anigwe","CON","F-C",17,121,8.6,0.4,0,0.486,12.6,14.2,3.8,2.5,2.9,19.1,18.8,-0.2,0.2,0,0.015,2019
"Bridget Carleton","CON","G",4,29,-8.1,0,0.333,0,3.7,5.9,4.6,0,0,14.3,10.5,-0.2,0,-0.2,-0.213,2019
"Alaina Coates","MIN","C",14,92,16.5,0.507,0,0.258,17.5,22,1.8,1.7,4.7,12.7,19.3,0.1,0.2,0.3,0.151,2019
"Theresa Plaisance","DAL","F",22,378,13.2,0.497,0.545,0.179,6.2,15.2,17.1,0.9,3.9,18.4,19.9,0.2,0.4,0.6,0.06,2019
"Karlie Samuelson","LAS","G",3,36,0.1,0.214,0.857,0,0,3.2,11.5,0,0,0,8.7,-0.1,0,0,-0.05,2019
"Asia Taylor","MIN","G",8,65,14.3,0.507,0.045,0.273,7.6,13.2,17.9,0.8,1.3,16.9,20.5,0.1,0.1,0.2,0.102,2019
"Kristine Anigwe","DAL","F-C",10,129,8.4,0.404,0,0.455,12.2,16.6,4.1,1.3,2.7,15,16.7,-0.1,0.1,0,0.01,2019
"Bridget Carleton","MIN","G",4,11,11.1,0.75,1,0,0,5.6,0,0,0,0,8.2,0,0,0,0.129,2019
"Alaina Coates","ATL","C",9,75,16.5,0.634,0,0.929,11.1,19.1,2.6,1.4,6.4,16.9,14,0.2,0.2,0.3,0.181,2019
"Theresa Plaisance","CON","F",9,64,10.8,0.444,0.261,0.174,5.1,14.3,0,2.4,2.8,3.9,17.4,0,0.1,0.2,0.11,2019
"Karlie Samuelson","DAL","G",4,48,6.8,0.429,0.857,0,2.3,2.5,6.9,3.4,1.8,0,6.7,0,0,0.1,0.059,2019
"Asia Taylor","PHO","G",4,31,-3.6,0.073,0.167,0.333,15.4,13,4.8,1.7,0,22.5,13.6,-0.2,0,-0.1,-0.19,2019
"Natalie Achonwa","IND","F",18,364,14.2,0.542,0.087,0.278,8.6,16.4,14.7,1.3,2.4,20.4,19.7,0.2,0.1,0.3,0.032,2020
"Jaylyn Agnew","ATL","F",12,71,0.1,0.436,0.867,0.333,0,4.1,5.9,0,0,22.5,13.7,-0.1,0,-0.2,-0.093,2020
"Bella Alarie","DAL","C-F",22,309,10.1,0.414,0.197,0.182,8.2,11.9,5.5,2.3,4.8,13.4,11.9,-0.1,0.3,0.2,0.023,2020
"Kayla Alexander","MIN","C",16,89,13.7,0.552,0,0.267,12.4,10.3,5.8,1.2,3.2,15.2,19.9,0.1,0.1,0.2,0.085,2020
"Julie Allemand","IND","G",22,716,13.1,0.639,0.687,0.224,1.3,8.4,27.5,1.8,1,27.9,12.6,1,-0.1,1,0.055,2020
"Lindsay Allen","LVA","G",21,284,10.5,0.497,0.258,0.152,2.6,4.6,25,1.2,0.3,18.5,13.4,0.3,0.4,0.6,0.088,2020
"Kristine Anigwe","LAS","F-C",17,197,15.4,0.605,0,0.491,11.3,14.1,3.2,2.8,3.3,19.9,18.7,0.2,0.5,0.7,0.134,2020
"Ariel Atkins","WAS","G",22,682,17,0.578,0.426,0.279,3.1,5.7,13.6,3.1,0.5,13,22,1.3,0.7,2,0.118,2020
"Seimone Augustus","LAS","G-F",21,332,14.1,0.55,0.2,0.055,1.1,6.9,11.9,1.8,0.6,6.6,16.7,0.5,0.5,1,0.12,2020
"Rachel Banham","MIN","G",20,339,14.2,0.607,0.51,0.192,0.7,4.5,22.2,1.4,0.6,15.1,17.6,1,0.2,1.1,0.135,2020
"Monique Billings","ATL","F",22,596,13,0.469,0,0.394,11,18.2,6.8,2,2.6,17.4,17.7,-0.1,0.7,0.6,0.042,2020
"Sue Bird","SEA","G",11,257,18.7,0.637,0.59,0.048,0.5,4.3,34.8,1.4,0.7,17.5,17.9,0.9,0.4,1.3,0.196,2020
"DeWanna Bonner","CON","F-G",22,732,21.5,0.535,0.305,0.353,5.2,13.8,16.6,2.6,1.5,11.4,27.4,1.7,1.5,3.2,0.175,2020
"Brittany Brewer","ATL","F",5,33,11.4,0.667,0,0,3.4,8.8,0,4.5,10.4,40,6.6,0,0.1,0.1,0.065,2020
"Kalani Brown","ATL","C",10,61,11.7,0.547,0,0.435,5.6,11.4,0,0.8,1.4,15.4,23.2,0,0,0,0.015,2020
"Lexie Brown","MIN","G",17,374,10.3,0.448,0.468,0.216,1,5.4,16.5,4.3,0,16.5,17.4,-0.1,0.6,0.4,0.046,2020
"Cierra Burdick","LVA","F",13,28,1.4,0.286,0,0,4.3,10.2,9.6,0,0,12.5,12.5,-0.1,0,0,-0.044,2020
"Kennedy Burke","IND","G",22,403,13,0.546,0.378,0.331,5.7,5.8,10.4,1.8,1.6,15.7,19,0.4,-0.2,0.2,0.021,2020
"Jordin Canada","SEA","G",20,483,14.8,0.5,0.083,0.432,2.5,5.5,33.2,3.1,0,20.3,18.3,0.6,1,1.7,0.138,2020
"Emma Cannon","LVA","F",1,0,NA,NA,NA,NA,NA,NA,NA,NA,NA,NA,NA,0,0,0,NA,2020
"Bridget Carleton","MIN","G",22,568,11.9,0.634,0.451,0.275,4.7,8.5,14.2,1.4,0,19.1,11.1,1.2,0.4,1.5,0.108,2020
"Chennedy Carter","ATL","G",16,406,19.7,0.55,0.143,0.299,2.2,5.1,26.3,1.7,1.1,14.5,31.9,0.7,0.1,0.9,0.086,2020
"Kaila Charles","CON","G-F",21,376,10.6,0.511,0.309,0.32,6.9,8.4,8,2.2,1.7,14.7,15.1,0.2,0.6,0.8,0.085,2020
"Karima Christmas-Kelly","MIN","F-G",2,25,10.1,0.428,0.429,1.143,4.9,14.7,5.5,6.2,3.8,27.5,26,-0.1,0.1,0,-0.03,2020
"Layshia Clarendon","NYL","G",19,496,12.3,0.584,0.277,0.396,1.3,5.3,32.1,1.8,0,25.5,22.3,0.1,0.3,0.4,0.031,2020
"Alysha Clark","SEA","F",22,633,18.2,0.693,0.456,0.17,3.7,8.6,14,2.6,1.5,10.7,12.5,2.2,1.5,3.6,0.229,2020
"Alaina Coates","WAS","C",20,197,11.6,0.55,0,0.765,11.9,17.1,7.1,1.9,1.9,20.9,13.5,0.2,0.3,0.5,0.093,2020
"Nia Coffey","PHO","F",15,230,5.9,0.492,0.553,0.158,2.6,9.3,7.7,1.1,1.8,14.7,9.2,0,0.2,0.2,0.039,2020
"Napheesa Collier","MIN","F",22,752,22.6,0.605,0.188,0.292,9.9,16.2,16.6,2.8,3.5,17,21.1,2.4,1.4,3.8,0.201,2020
"Sydney Colson","CHI","G",17,110,7,0.588,0.409,0.364,1.2,3.9,17,2.7,0,35.4,16,-0.1,0.1,0,0.003,2020
"Te'a Cooper","LAS","G",20,345,10.9,0.543,0.283,0.301,0.7,3.6,17.9,1.9,0,18.5,20.9,0.1,0.4,0.5,0.059,2020
"Kahleah Copper","CHI","G-F",22,688,14.5,0.562,0.229,0.214,3.9,10.6,10.6,1.5,0.6,15.6,22.4,0.6,0.7,1.3,0.076,2020
"Lauren Cox","IND","F",14,183,12.3,0.504,0.14,0.349,6.6,15.1,16.3,1.7,1.7,18.2,14.7,0.1,0.1,0.2,0.041,2020
"Sophie Cunningham","PHO","G",21,396,6.2,0.51,0.56,0.275,2.7,3.2,6.1,1.4,0.6,12.8,13.2,0.1,0.2,0.3,0.027,2020
"Crystal Dangerfield","MIN","G",21,629,17.2,0.586,0.388,0.243,1,4,21,1.5,0.1,15.6,24.6,1.6,0.3,1.9,0.121,2020
"Damiris Dantas","MIN","F",22,586,19.3,0.579,0.409,0.25,7.7,14,16.8,2.2,0.8,14.1,21.7,1.7,0.8,2.5,0.169,2020
"Kaela Davis","ATL","G",2,2,0,NA,NA,NA,0,0,0,0,0,NA,0,0,0,0,-0.029,2020
"Diamond DeShields","CHI","G",13,224,7,0.489,0.217,0.217,1.7,6.2,13.2,2.7,0.4,24.8,24.1,-0.6,0.3,-0.3,-0.059,2020
"Blake Dietrick","ATL","G",22,463,11.3,0.6,0.558,0.077,2,4.5,24.2,1.9,0.6,27.1,13.9,0.4,0.1,0.5,0.043,2020
"Skylar Diggins-Smith","PHO","G",22,675,19.3,0.625,0.433,0.373,1.9,6.2,24.5,1.5,1.3,18.3,25.2,1.8,0.5,2.4,0.14,2020
"Stefanie Dolson","CHI","C",15,273,13.4,0.6,0.457,0.271,5.1,11.6,12.8,1.1,3.7,16.1,15.3,0.5,0.4,0.9,0.132,2020
"Kathleen Doyle","IND","G",18,155,-1.6,0.316,0.512,0.098,2.3,5.8,18.2,2.3,0,29.6,17.4,-0.7,0,-0.7,-0.189,2020
"Candice Dupree","IND","F",22,665,15.4,0.507,0.072,0.191,4.9,11.3,14.7,1.2,1.1,9.3,20,1,-0.1,0.8,0.051,2020
"Sylvia Fowles","MIN","C",7,168,30.8,0.664,0,0.453,15.3,24.8,6.7,1.9,4.5,9.4,22.6,1,0.4,1.3,0.318,2020
"Allisha Gray","DAL","G",20,524,19.6,0.581,0.362,0.332,5.7,9.4,8.9,2.2,0.9,8.9,21.1,1.7,0.1,1.8,0.136,2020
"Chelsea Gray","LAS","G",22,679,16.6,0.518,0.214,0.178,2.7,7.4,27.7,2.5,0.3,16.8,24.1,0.6,1.1,1.7,0.101,2020
"Reshanda Gray","LAS","F",10,62,7.4,0.497,0,0.636,12,27.9,6.6,0.8,6,41.5,17.8,-0.2,0.2,0,-0.002,2020
"Brittney Griner","PHO","C",12,382,19.3,0.542,0.006,0.269,5.6,13.5,18,0.5,4.7,13.3,26.3,0.5,0.5,1,0.106,2020
"Marie Gulich","LAS","C",12,119,8.5,0.531,0.115,0.115,5.2,9.3,8.6,1.7,2.3,15.5,12.4,0.1,0.2,0.3,0.095,2020
"Megan Gustafson","DAL","C",10,48,6.1,0.39,0.071,0.643,13.7,13.4,3.2,0,1.7,10,18.6,0,0,0,-0.034,2020
"Dearica Hamby","LVA","F",22,622,19.8,0.612,0.186,0.328,5.4,14.4,15,2.9,0.6,16.2,19.6,1.4,1.6,3,0.193,2020
"Isabelle Harrison","DAL","F",13,258,12.3,0.492,0.039,0.25,8.1,13.6,12.3,1.8,1.6,17.6,17.8,0.1,0.1,0.2,0.029,2020
"Mikiah Herbert Harrigan","MIN","F",21,234,10,0.464,0.402,0.085,7.3,12.6,4.7,1.8,3.6,15,19.2,-0.2,0.3,0.2,0.029,2020
"Tyasha Harris","DAL","G",21,412,13.3,0.523,0.441,0.173,0,3.7,22.9,2.2,0.6,11.6,16.8,0.6,0,0.6,0.06,2020
"Bria Hartley","PHO","G",13,322,18.9,0.543,0.414,0.261,1.8,6.8,33,2.3,0,13.4,28,0.7,0.3,1,0.124,2020
"Tianna Hawkins","WAS","F",17,329,13,0.513,0.438,0.2,4.3,11.1,9,2.2,1.7,12.4,22.8,0,0.4,0.4,0.053,2020
"Ruthy Hebard","CHI","F",22,320,17.3,0.692,0,0.141,7.2,16.3,3.3,1.6,2,14.2,14.7,0.8,0.5,1.3,0.16,2020
"Natisha Hiedeman","CON","G",22,408,7.9,0.478,0.504,0.236,2.2,6,16,1,0,14.6,17.7,0,0.4,0.4,0.037,2020
"Myisha Hines-Allen","WAS","F",22,659,22.6,0.585,0.207,0.197,6.2,18.1,17.1,2.5,0.7,13.1,25.9,1.5,1.1,2.7,0.162,2020
"Bria Holmes","CON","G",18,291,8.5,0.426,0.306,0.122,5,6.7,11.1,2.3,1.6,14.8,18.3,-0.4,0.4,0.1,0.007,2020
"Joyner Holmes","NYL","F",19,190,6.1,0.362,0.389,0.167,8.6,14.8,13.7,0.5,0.8,14.4,20.9,-0.6,0.1,-0.4,-0.087,2020
"Natasha Howard","SEA","F",22,463,19.5,0.581,0.122,0.22,13.8,19.6,7.8,4.1,2.7,20.4,21.8,0.5,1.7,2.2,0.187,2020
"Sabrina Ionescu","NYL","G",3,80,19.5,0.593,0.476,0.238,2.7,9.6,39.9,1.2,0,21.9,32.7,0,0.1,0.1,0.054,2020
"Briann January","CON","G",13,303,6.3,0.405,0.413,0.16,1.5,3.1,21.8,1.3,0.6,15.7,13.8,-0.1,0.3,0.1,0.019,2020
"Moriah Jefferson","DAL","G",9,148,10.1,0.457,0.136,0.273,5.9,11.1,20.1,2.4,1.1,23.3,19.5,-0.2,0.1,-0.1,-0.032,2020
"Glory Johnson","ATL","F",18,277,10.6,0.454,0.506,0.289,2.9,14,6,2.7,2.2,12.2,16.8,-0.2,0.4,0.2,0.025,2020
"Shenise Johnson","MIN","G",17,212,12.7,0.461,0.207,0.341,5.8,9.5,15.7,3.9,0.4,17.5,24.2,-0.1,0.3,0.3,0.048,2020
"Alexis Jones","ATL","G",6,53,10.4,0.548,0.905,0.095,0,0,15.1,2.8,0,21.5,23,0,0,0,-0.02,2020
"Brionna Jones","CON","F",21,549,20.1,0.631,0.006,0.34,12,12.6,6.8,3.2,2.3,15.4,17.6,1.5,1.1,2.6,0.189,2020
"Jazmine Jones","NYL","G",20,428,14.3,0.524,0.263,0.468,4.6,10.4,23.2,3.2,1.6,21.7,27.1,-0.4,0.7,0.3,0.025,2020
"Paris Kea","NYL","G",11,165,11.2,0.497,0.452,0.11,3.3,7.3,21.8,2.1,1.4,19.9,25.5,-0.3,0.2,-0.1,-0.034,2020
"Betnijah Laney","ATL","G-F",22,738,18.3,0.573,0.249,0.253,3.7,8.4,20.2,2.4,0.2,16.7,23.5,1.4,0.5,1.8,0.099,2020
"Crystal Langhorne","SEA","F-C",13,107,3.3,0.458,0.294,0.353,3.5,15.2,7.7,0.5,0.8,35.9,12.8,-0.3,0.2,0,-0.015,2020
"Kiara Leslie","WAS","G",19,414,7.7,0.462,0.435,0.12,4.3,8.4,7.5,1.1,1.6,13.7,14.8,-0.2,0.3,0.1,0.006,2020
"Jewell Loyd","SEA","G",22,613,19.8,0.583,0.395,0.348,2.8,4.9,18.6,2.6,0.9,12.3,24.3,1.8,1.2,3,0.195,2020
"Marina Mabrey","DAL","G",19,405,17.4,0.564,0.576,0.152,3,8.5,19,3.2,0.4,15.1,22,0.6,0.2,0.9,0.087,2020
"Ezi Magbegor","SEA","C",22,292,20.1,0.596,0.028,0.248,10.5,10.8,4.1,2.1,4.9,6.9,19.9,0.9,0.7,1.6,0.219,2020
"Kayla McBride","LVA","G",22,587,15.9,0.558,0.344,0.368,1.9,5,13.3,2.2,0.3,11.2,20.7,1.2,1,2.2,0.149,2020
"Angel McCoughtry","LVA","F-G",22,440,29.1,0.611,0.15,0.336,10.2,14.5,22.2,3.3,1.2,12.8,29.7,2,1.1,3.2,0.288,2020
"Teaira McCowan","IND","C",22,461,20.7,0.591,0.018,0.476,18,21,5.6,0.8,3.8,17.8,23.8,1.1,0.1,1.2,0.103,2020
"Emma Meesseman","WAS","F",20,634,17.6,0.509,0.188,0.146,6.1,10.2,25.3,2,2.3,13.5,21.6,0.8,0.7,1.5,0.096,2020
"Kelsey Mitchell","IND","G",22,706,15,0.579,0.468,0.237,1,4.1,16.2,1,0.2,13.7,24.7,1.4,-0.5,0.9,0.048,2020
"Leilani Mitchell","WAS","G",22,673,13.2,0.533,0.531,0.218,1.9,5.6,28.3,1.4,0.1,16.2,16.1,1.1,0.3,1.5,0.086,2020
"Tiffany Mitchell","IND","G",19,502,11.2,0.485,0.341,0.379,3.6,7.8,16.6,1.2,0.3,15.3,26,0,-0.2,-0.2,-0.017,2020
"Beatrice Mompremier","CON","F",21,187,12.2,0.437,0,0.383,19.2,22,2.5,1.4,6.3,20.3,16.2,-0.1,0.4,0.3,0.062,2020
"Kaleena Mosqueda-Lewis","CON","F",16,164,3.2,0.403,0.734,0.109,0.7,7.5,3.9,0.9,0.6,9.4,19.8,-0.3,0.2,-0.2,-0.038,2020
"Astou Ndour","DAL","C-F",13,151,8.2,0.404,0.439,0,9.4,14.7,6.7,1,3.3,9.5,18.7,-0.1,0.1,-0.1,-0.018,2020
"Kia Nurse","NYL","G",21,578,7.7,0.435,0.522,0.414,2.1,5.7,16.7,0.9,0.5,13.5,25.9,-1,0.2,-0.8,-0.055,2020
"Leaonna Odom","NYL","F",22,453,11.2,0.56,0.204,0.235,8.2,6.1,7,1.6,1.4,12.2,12,0.6,0.2,0.9,0.076,2020
"Arike Ogunbowale","DAL","G",22,748,20.7,0.528,0.341,0.298,1.5,4.8,20.5,2.4,0,9,31.2,1.9,0,1.9,0.103,2020
"Nneka Ogwumike","LAS","F",18,476,20,0.636,0.108,0.293,5.5,11.3,10.9,2,0.6,12.9,20.9,1.5,0.8,2.3,0.192,2020
"Candace Parker","LAS","F-C",22,665,22.7,0.584,0.198,0.321,6.9,19.9,24.9,2,3.8,18.8,23.5,1.5,1.8,3.2,0.195,2020
"Cheyenne Parker","CHI","F",20,497,21.3,0.651,0.183,0.389,12,15.7,9.4,2.6,2.9,21.2,23.3,1.3,0.9,2.2,0.174,2020
"Theresa Plaisance","CON","F",13,90,9.8,0.506,0.586,0.207,2.5,8.5,1.8,2.8,3,5.9,16.4,0.1,0.2,0.3,0.116,2020
"Aerial Powers","WAS","F-G",6,179,19.8,0.596,0.377,0.435,1.3,9.9,15.1,2.6,0,11.8,24.2,0.5,0.2,0.7,0.155,2020
"Alexis Prince","CHI","G",2,16,25.2,0.8,0.6,0,15.9,11.4,0,0,4.9,0,13.9,0.1,0,0.1,0.263,2020
"Epiphanny Prince","SEA","G",15,190,9.3,0.51,0.474,0.228,0.6,5.5,16.2,1.6,0.9,16.1,17.6,0.1,0.3,0.4,0.082,2020
"Allie Quigley","CHI","G",22,631,16.5,0.555,0.462,0.128,1.2,6.1,13,1.1,0.7,8.4,23.5,1.3,0.4,1.7,0.11,2020
"Danielle Robinson","LVA","G",22,492,14,0.584,0.107,0.347,1.2,6.1,20.8,1.9,0.4,16.7,14.9,0.9,0.8,1.7,0.142,2020
"Sugar Rodgers","LVA","G",22,263,7.2,0.453,0.79,0.049,1.4,6.1,16.4,1.3,1,16.2,16.5,-0.2,0.4,0.2,0.035,2020
"Tierra Ruffin-Pratt","LAS","G",17,251,7,0.434,0.289,0.578,4.5,8.9,8,2.2,1.1,13.8,11.9,0,0.4,0.4,0.063,2020
"Mercedes Russell","SEA","C",22,304,8.6,0.438,0,0.321,6.5,13.4,6.2,1.3,2.3,15.2,15.5,-0.3,0.7,0.4,0.057,2020
"Satou Sabally","DAL","F",16,450,18.6,0.505,0.363,0.473,10,16.1,15.3,1.6,2.6,13.7,25.4,0.8,0.3,1,0.092,2020
"Katie Lou Samuelson","DAL","F",22,439,11,0.536,0.625,0.156,2,7.1,10.7,1.8,1.7,10.5,11.7,0.5,0.1,0.6,0.056,2020
"Kylee Shook","NYL","F",20,290,8.2,0.468,0.215,0.215,5.6,10.6,7.5,1.2,2.6,18.8,16.2,-0.4,0.3,-0.1,-0.011,2020
"Odyssey Sims","MIN","G",13,240,16,0.515,0.231,0.317,4.1,6.6,31.8,1.5,0.4,17.4,26.8,0.4,0.2,0.6,0.096,2020
"Kamiah Smalls","IND","",7,100,15,0.647,0.6,0.1,6,4.8,21.7,0.5,0.8,8.7,10.1,0.4,-0.1,0.3,0.114,2020
"Alanna Smith","PHO","F",19,296,13.1,0.505,0.422,0.284,8.5,13.4,12.8,0.8,4.1,13.6,20,0.2,0.4,0.6,0.082,2020
"Azura Stevens","CHI","F-C",13,355,17.6,0.591,0.331,0.169,6.5,13.2,8.4,1.7,5.3,13.6,18.5,0.7,0.6,1.3,0.144,2020
"Breanna Stewart","SEA","F",20,607,25.5,0.578,0.322,0.353,4.1,15.8,20.5,2.7,3.8,13,28.9,1.9,2,3.9,0.254,2020
"Kiah Stokes","NYL","C",22,601,8.3,0.45,0.62,0.051,5.1,13.5,8.2,0.9,3.3,17.2,12.4,-0.6,0.7,0.2,0.011,2020
"Shekinna Stricklen","ATL","F",22,482,5.4,0.477,0.717,0.058,0.9,5,4.3,0.7,0.2,9.6,14.2,-0.1,0,-0.1,-0.01,2020
"Sug Sutton","WAS","G",12,113,6.3,0.471,0.515,0.212,0,4.3,17,0.5,0,14.3,17.3,-0.1,0,0,-0.012,2020
"Carolyn Swords","LVA","C",22,384,9.1,0.528,0,0.44,10.4,15.1,6.9,0.6,0.2,23.2,8.9,0.3,0.6,1,0.1,2020
"Brittney Sykes","LAS","G",21,517,15.3,0.598,0.327,0.413,3.8,6.4,13.3,3,1.1,16.9,18.9,0.9,0.9,1.9,0.145,2020
"Diana Taurasi","PHO","G",19,533,23.7,0.625,0.711,0.481,0.4,8.5,28.3,1.8,1.2,13.4,27.5,2.4,0.6,3,0.227,2020
"Alyssa Thomas","CON","F",21,689,21.6,0.549,0.004,0.484,6.3,16.2,26.1,3.1,0.8,14.9,22.2,1.6,1.6,3.2,0.186,2020
"Jasmine Thomas","CON","G",19,485,12.3,0.49,0.335,0.122,0.9,4,27,2.5,0.9,18.8,22.1,-0.2,0.7,0.5,0.039,2020
"Kayla Thornton","DAL","F",22,557,11.3,0.575,0.571,0.254,6.3,11.9,4.8,1.8,0.6,15.1,13.3,0.8,0.2,0.9,0.067,2020
"Morgan Tuck","SEA","F",10,88,2,0.435,0.563,0.5,2.8,4,3.1,2.9,0,23.5,13,-0.2,0.2,0,-0.004,2020
"Brianna Turner","PHO","F",22,613,16.9,0.6,0.009,0.368,11.1,18.6,9.9,2,5.7,19,11.9,1.2,1.3,2.5,0.163,2020
"Courtney Vandersloot","CHI","G",22,693,23,0.61,0.349,0.289,2,6.8,46.3,1.9,0.9,18,19.3,3.4,0.7,4.1,0.234,2020
"Kia Vaughn","PHO","C",22,415,10.2,0.499,0.016,0.15,6.9,11.1,13.6,1.3,1.4,20.1,18.2,-0.2,0.4,0.2,0.018,2020
"Victoria Vivians","IND","G",6,85,3.4,0.446,0.379,0.276,2.8,9.9,5.7,0.6,0,15.6,20.1,-0.1,0,-0.2,-0.083,2020
"Megan Walker","NYL","F",18,205,4.2,0.368,0.551,0.064,5.8,7.2,6,1,0,8,18.7,-0.5,0.1,-0.4,-0.083,2020
"Shatori Walker-Kimbrough","PHO","G",21,400,14.1,0.558,0.405,0.198,1.8,4.9,13,2.9,1.6,13.3,17.6,0.5,0.5,0.9,0.092,2020
"Avery Warley-Talbert","LVA","C",3,24,12.3,0.481,0,0.429,25.2,19,18,0,0,19.4,18.9,0.1,0,0.1,0.133,2020
"Sami Whitcomb","SEA","G",22,363,17.8,0.595,0.6,0.157,1.4,8,19.4,2.2,0.7,12.8,21.2,0.9,0.8,1.7,0.186,2020
"Sydney Wiese","LAS","G",19,363,12.9,0.661,0.57,0.129,1.7,5.6,9.1,1.5,0.5,18.3,15.2,0.5,0.5,1,0.108,2020
"Courtney Williams","ATL","G",20,615,13.5,0.46,0.111,0.075,6.8,13.5,18.3,1.1,0.3,14.6,26.4,-0.6,0.3,-0.3,-0.018,2020
"Elizabeth Williams","ATL","C-F",22,647,15.5,0.539,0,0.371,8.6,11.2,7.5,1.3,4,10.8,15.7,1.2,0.4,1.6,0.101,2020
"Gabby Williams","CHI","F",22,546,11.3,0.503,0.443,0.158,4.7,9.8,11.3,2.6,0.7,18,16.8,-0.1,0.7,0.7,0.048,2020
"Riquna Williams","LAS","G",21,444,16.7,0.57,0.548,0.097,0.8,5.3,11.4,2.7,1.5,8.9,22,0.7,0.8,1.5,0.136,2020
"Jocelyn Willoughby","NYL","F-G",22,383,7.9,0.502,0.339,0.385,4.3,7.6,10.2,1.9,1.2,20.1,18.3,-0.3,0.3,0,-0.001,2020
"A'ja Wilson","LVA","F",22,697,25,0.546,0,0.436,5.9,15.4,11.1,1.9,5.5,7.8,28.2,2.1,1.9,4,0.23,2020
"Jackie Young","LVA","G",22,568,15.8,0.558,0.069,0.323,3.8,9.5,18,1.3,0.3,14,19.4,1.1,0.9,2,0.144,2020
"Amanda Zahui B.","NYL","C",21,531,10.6,0.473,0.543,0.196,3.1,18.4,15.3,1.8,3.8,21.3,21,-1.2,1.1,-0.1,-0.005,2020
"Essence Carson","TOT","G",21,291,3.5,0.377,0.444,0.101,2.8,7.2,6.5,1.6,0.6,13.4,18.6,-0.8,0.3,-0.6,-0.077,2020
"Jacki Gemelos","TOT","G",18,222,4.2,0.424,0.625,0.071,1.6,5.2,10.4,1.4,0.4,17.2,14.5,-0.4,0.1,-0.2,-0.045,2020
"Megan Huff","TOT","F",7,16,-12.4,0,0.333,0,15.3,15.1,8.2,0,0,50,16.5,-0.1,0,-0.1,-0.323,2020
"Alisia Jenkins","TOT","",5,28,-3.5,0.376,0.375,0.75,0,8.3,0,0,0,22,21.7,-0.1,0,-0.1,-0.193,2020
"Stella Johnson","TOT","G",9,100,21.4,0.635,0.412,0.147,4.7,7.3,21.3,3.1,1.9,10,18.6,0.4,0.1,0.5,0.209,2020
"Stephanie Mavunga","TOT","F",10,95,11.5,0.517,0.172,0.379,12.9,21,8.3,0.5,1.7,24.5,21,-0.1,0.1,0,-0.001,2020
"Erica McCall","TOT","F",20,183,12.1,0.466,0.089,0.489,15.4,16.4,2.4,2,3.6,14.1,15.6,0.2,0.3,0.4,0.094,2020
"Shey Peddy","TOT","G",17,257,10.7,0.44,0.54,0.349,4.2,8,17.4,3.8,0.3,17.1,15.5,0,0.4,0.3,0.053,2020
"Essence Carson","WAS","G",10,168,1.9,0.349,0.39,0.102,4.2,6.5,4.7,1.6,0.6,14,19.8,-0.7,0.1,-0.6,-0.133,2020
"Jacki Gemelos","CON","G",6,29,9,0.688,0.75,0,0,4.1,5.7,3.5,0,27.3,16.7,0,0,0,0.054,2020
"Megan Huff","MIN","F",3,5,14.7,0,0,0,49,36.8,26.2,0,0,0,9,0,0,0,0.139,2020
"Alisia Jenkins","IND","",1,2,6.7,NA,NA,NA,0,30.1,0,0,0,NA,0,0,0,0,0.036,2020
"Stella Johnson","CHI","G",4,6,3.3,0,0,0,0,20.3,0,8.3,0,0,7.4,0,0,0,-0.015,2020
"Stephanie Mavunga","IND","F",5,59,17.1,0.547,0.111,0.611,14.2,20.4,8.5,0,2.7,18,20.9,0.1,0,0.1,0.064,2020
"Erica McCall","ATL","F",1,5,12.3,NA,NA,NA,0,23.1,0,10,0,NA,0,0,0,0,0.179,2020
"Shey Peddy","WAS","G",9,116,9.2,0.467,0.517,0.414,2,5.8,14.5,3.2,0,18.9,16.9,-0.1,0.1,0.1,0.018,2020
"Essence Carson","CON","G",11,123,5.6,0.419,0.525,0.1,0.9,8.1,9,1.7,0.7,12.6,17,-0.2,0.2,0,0,2020
"Jacki Gemelos","WAS","G",12,193,3.4,0.382,0.604,0.083,1.8,5.4,11.1,1.1,0.5,15.3,14.1,-0.4,0.1,-0.3,-0.059,2020
"Megan Huff","LVA","F",4,11,-24.7,0,0.5,0,0,5.2,0,0,0,60,19.9,-0.2,0,-0.1,-0.533,2020
"Alisia Jenkins","CHI","",2,3,0,NA,NA,NA,0,0,0,0,0,NA,0,0,0,0,-0.006,2020
"Stella Johnson","WAS","G",5,94,22.6,0.653,0.424,0.152,5,6.5,22.7,2.8,2,10.2,19.3,0.4,0.1,0.5,0.224,2020
"Stephanie Mavunga","CHI","F",5,36,2.3,0.455,0.273,0,10.6,21.9,8,1.4,0,35.3,21.1,-0.2,0.1,-0.1,-0.106,2020
"Erica McCall","MIN","F",19,178,12.1,0.466,0.089,0.489,15.8,16.2,2.5,1.8,3.7,14.1,16,0.2,0.2,0.4,0.092,2020
"Shey Peddy","PHO","G",8,141,11.9,0.417,0.559,0.294,5.9,9.8,19.8,4.2,0.6,15.4,14.4,0,0.3,0.3,0.082,2020
"Alisia Jenkins","PHO","",2,23,-4.8,0.376,0.375,0.75,0,7.5,0,0,0,22,26.4,-0.1,0,-0.1,-0.237,2020
